SL,File,NativeRow,TMscore,dDFire,DFire2,ePP,ePNP,eNPNP,ePhi,ePsi,eASA,d1,d2,d6,d7,d8,d9,d10,d11,d12,d13,d14,d15,d16,d17,d18,d19,d20,d21,d22,d23,d24,d25,d26,d27,d28,d29,d30,eGOAP,edfire,egoap_ag,eRWplus
1,'2/low_score_decoys/1cc8A_BO3__1705_0.first.clean.out.10.pdb',0,0.589000000000000,-106.960000000000,-96.7579000000000,-3.61727000000000,-5.30090000000000,-1.28402000000000,-96.1830632970445,-89.0887771269708,107.828216453782,-30.3211000000000,-30.7056000000000,165.000000000000,375.000000000000,698.000000000000,974.000000000000,1407.00000000000,1506.00000000000,1819.00000000000,2026.00000000000,2304.00000000000,2326.00000000000,2467.00000000000,2746.00000000000,2982.00000000000,3305.00000000000,3577.00000000000,3772.00000000000,4040.00000000000,4142.00000000000,4376.00000000000,4534.00000000000,4617.00000000000,4703.00000000000,4734.00000000000,4879.00000000000,2435.00000000000,-8495.02000000000,-4987.87000000000,-3507.15000000000,-11275.6817870000
2,'2/low_score_decoys/1cc8A_BO3__1705_0.first.clean.out.11.pdb',0,0.438100000000000,-99.5196000000000,-94.4913000000000,-2.28608000000000,-2.40824000000000,-0.334034000000000,-95.6136633117215,-79.7879263315739,34.3135696032535,-24.7724000000000,-25.7087000000000,173.000000000000,378.000000000000,745.000000000000,1007.00000000000,1522.00000000000,1599.00000000000,1897.00000000000,2092.00000000000,2340.00000000000,2543.00000000000,2605.00000000000,3009.00000000000,3106.00000000000,3419.00000000000,3753.00000000000,4014.00000000000,4039.00000000000,4339.00000000000,4374.00000000000,4541.00000000000,4658.00000000000,4799.00000000000,4887.00000000000,4991.00000000000,2506.00000000000,-8113.73000000000,-4791.64000000000,-3322.09000000000,-11029.7130190000
3,'2/low_score_decoys/1cc8A_BO3__1705_0.first.clean.out.12.pdb',0,0.388000000000000,-95.7736000000000,-84.2802000000000,-4.62691000000000,-5.21226000000000,-1.65427000000000,-113.772037636143,-93.1600596309788,156.165934493810,-28.1190000000000,-26.6507000000000,168.000000000000,367.000000000000,725.000000000000,958.000000000000,1477.00000000000,1467.00000000000,1847.00000000000,1894.00000000000,2125.00000000000,2291.00000000000,2245.00000000000,2601.00000000000,2634.00000000000,2823.00000000000,3051.00000000000,3190.00000000000,3382.00000000000,3445.00000000000,3620.00000000000,3583.00000000000,3593.00000000000,3718.00000000000,3563.00000000000,3676.00000000000,1852.00000000000,-6247.59000000000,-4323.52000000000,-1924.07000000000,-10069.9454020000
4,'2/low_score_decoys/1cc8A_BO3__1705_0.first.clean.out.13.pdb',0,0.568200000000000,-111.746000000000,-99.2763000000000,-4.50055000000000,-6.01203000000000,-1.95729000000000,-100.129071858831,-91.3385756053635,77.1843940251478,-29.2183000000000,-30.5553000000000,169.000000000000,368.000000000000,794.000000000000,962.000000000000,1552.00000000000,1651.00000000000,1867.00000000000,2083.00000000000,2297.00000000000,2479.00000000000,2634.00000000000,2817.00000000000,3126.00000000000,3371.00000000000,3714.00000000000,3938.00000000000,4236.00000000000,4437.00000000000,4335.00000000000,4558.00000000000,4680.00000000000,4733.00000000000,4888.00000000000,5004.00000000000,2481.00000000000,-9888.26000000000,-5123.53000000000,-4764.73000000000,-11641.5168210000
5,'2/low_score_decoys/1cc8A_BO3__1705_0.first.clean.out.14.pdb',0,0.280000000000000,-106.045000000000,-98.8649000000000,-2.62097000000000,-3.38911000000000,-1.17019000000000,-88.0150891917633,-81.0796112906012,86.2967763427405,-29.4756000000000,-32.3673000000000,180.000000000000,394.000000000000,711.000000000000,1048.00000000000,1465.00000000000,1580.00000000000,1847.00000000000,2077.00000000000,2300.00000000000,2456.00000000000,2611.00000000000,2804.00000000000,3081.00000000000,3355.00000000000,3590.00000000000,3804.00000000000,4008.00000000000,4221.00000000000,4273.00000000000,4417.00000000000,4495.00000000000,4644.00000000000,4685.00000000000,4887.00000000000,2327.00000000000,-8754.00000000000,-5071.38000000000,-3682.62000000000,-11550.7565660000
6,'2/low_score_decoys/1cc8A_BO3__1705_0.first.clean.out.15.pdb',0,0.384600000000000,-98.2597000000000,-93.5763000000000,-2.14466000000000,-2.53198000000000,-6.720400000000000E-003,-97.1116893446691,-75.9346139633084,89.0011435698926,-25.2992000000000,-26.9850000000000,172.000000000000,364.000000000000,746.000000000000,990.000000000000,1503.00000000000,1566.00000000000,1871.00000000000,2078.00000000000,2402.00000000000,2476.00000000000,2629.00000000000,2888.00000000000,3139.00000000000,3360.00000000000,3695.00000000000,3810.00000000000,3857.00000000000,4061.00000000000,4234.00000000000,4255.00000000000,4419.00000000000,4440.00000000000,4624.00000000000,4681.00000000000,2387.00000000000,-7864.15000000000,-4796.99000000000,-3067.15000000000,-10897.2172810000
7,'2/low_score_decoys/1cc8A_BO3__1705_0.first.clean.out.16.pdb',0,0.460400000000000,-107.102000000000,-97.6755000000000,-3.70927000000000,-4.53345000000000,-1.18370000000000,-90.1197889405741,-79.6748674862419,28.5087452152791,-27.8987000000000,-29.5192000000000,183.000000000000,365.000000000000,794.000000000000,942.000000000000,1608.00000000000,1602.00000000000,1928.00000000000,2077.00000000000,2333.00000000000,2540.00000000000,2561.00000000000,2903.00000000000,3111.00000000000,3428.00000000000,3531.00000000000,3921.00000000000,4037.00000000000,4228.00000000000,4383.00000000000,4546.00000000000,4631.00000000000,4675.00000000000,4852.00000000000,4823.00000000000,2371.00000000000,-9154.59000000000,-5007.09000000000,-4147.50000000000,-11418.6886700000
8,'2/low_score_decoys/1cc8A_BO3__1705_0.first.clean.out.17.pdb',0,0.512300000000000,-105.406000000000,-97.5817000000000,-2.86106000000000,-3.46106000000000,-1.50249000000000,-90.9015502057211,-87.8313161846330,54.5063508536650,-28.3727000000000,-29.7442000000000,181.000000000000,353.000000000000,765.000000000000,939.000000000000,1534.00000000000,1610.00000000000,1906.00000000000,2118.00000000000,2210.00000000000,2469.00000000000,2633.00000000000,2925.00000000000,3177.00000000000,3279.00000000000,3683.00000000000,3945.00000000000,4061.00000000000,4282.00000000000,4403.00000000000,4541.00000000000,4436.00000000000,4744.00000000000,4911.00000000000,4821.00000000000,2468.00000000000,-9245.64000000000,-5022.74000000000,-4222.90000000000,-11358.6449960000
9,'2/low_score_decoys/1cc8A_BO3__1705_0.first.clean.out.18.pdb',0,0.590300000000000,-112.147000000000,-102.455000000000,-3.55260000000000,-4.92914000000000,-1.21020000000000,-99.2129361312208,-89.9404633783912,46.8651898740433,-30.0136000000000,-32.9490000000000,186.000000000000,392.000000000000,778.000000000000,1099.00000000000,1556.00000000000,1614.00000000000,1924.00000000000,2187.00000000000,2431.00000000000,2517.00000000000,2685.00000000000,3150.00000000000,3114.00000000000,3487.00000000000,3769.00000000000,3958.00000000000,4134.00000000000,4415.00000000000,4444.00000000000,4552.00000000000,4662.00000000000,4827.00000000000,5011.00000000000,4990.00000000000,2508.00000000000,-10456.7000000000,-5276.35000000000,-5180.35000000000,-11977.3441140000
10,'2/low_score_decoys/1cc8A_BO3__1705_0.first.clean.out.19.pdb',0,0.339100000000000,-104.687000000000,-92.2751000000000,-4.49446000000000,-6.43646000000000,-1.48137000000000,-99.4462775262938,-81.8899852098510,122.581001310918,-28.2598000000000,-27.4886000000000,174.000000000000,397.000000000000,720.000000000000,977.000000000000,1500.00000000000,1566.00000000000,1860.00000000000,2054.00000000000,2256.00000000000,2362.00000000000,2457.00000000000,2716.00000000000,2972.00000000000,3133.00000000000,3512.00000000000,3714.00000000000,3788.00000000000,4033.00000000000,4154.00000000000,4386.00000000000,4513.00000000000,4483.00000000000,4597.00000000000,4673.00000000000,2430.00000000000,-8136.20000000000,-4694.15000000000,-3442.05000000000,-10840.4982940000
11,'2/low_score_decoys/1cc8A_BO3__1705_0.first.clean.out.20.pdb',0,0.538400000000000,-108.505000000000,-98.2554000000000,-3.90664000000000,-4.71433000000000,-1.62858000000000,-101.341316330944,-93.8615985343754,73.8075710268830,-29.1631000000000,-30.3473000000000,173.000000000000,361.000000000000,745.000000000000,966.000000000000,1550.00000000000,1623.00000000000,1899.00000000000,2061.00000000000,2246.00000000000,2415.00000000000,2491.00000000000,2901.00000000000,3032.00000000000,3351.00000000000,3724.00000000000,3947.00000000000,4092.00000000000,4290.00000000000,4440.00000000000,4614.00000000000,4745.00000000000,4750.00000000000,4816.00000000000,5034.00000000000,2517.00000000000,-8714.26000000000,-5034.33000000000,-3679.93000000000,-11504.0206590000
12,'2/low_score_decoys/1cc8A_BO83__1705_0.first.clean.out.1.pdb',0,0.352800000000000,-104.968000000000,-93.0367000000000,-4.50268000000000,-5.34657000000000,-2.08223000000000,-108.483509965813,-84.7295808818408,25.1886913789731,-28.5713000000000,-27.6263000000000,170.000000000000,380.000000000000,746.000000000000,1089.00000000000,1502.00000000000,1663.00000000000,1876.00000000000,2127.00000000000,2326.00000000000,2364.00000000000,2512.00000000000,2775.00000000000,3051.00000000000,3232.00000000000,3566.00000000000,3676.00000000000,3881.00000000000,4004.00000000000,4046.00000000000,4159.00000000000,4305.00000000000,4405.00000000000,4388.00000000000,4477.00000000000,2255.00000000000,-7611.41000000000,-4753.69000000000,-2857.72000000000,-10997.1201870000
13,'2/low_score_decoys/1cc8A_BO83__1705_0.first.clean.out.2.pdb',0,0.613300000000000,-106.298000000000,-98.2969000000000,-3.04712000000000,-3.94526000000000,-1.00873000000000,-74.8927250975200,-88.4851629083538,75.0348848369068,-29.0787000000000,-31.1259000000000,177.000000000000,366.000000000000,713.000000000000,950.000000000000,1496.00000000000,1601.00000000000,1863.00000000000,2078.00000000000,2214.00000000000,2475.00000000000,2627.00000000000,2882.00000000000,2908.00000000000,3359.00000000000,3607.00000000000,3865.00000000000,4038.00000000000,4226.00000000000,4374.00000000000,4529.00000000000,4583.00000000000,4742.00000000000,4877.00000000000,4823.00000000000,2464.00000000000,-9216.55000000000,-5055.85000000000,-4160.70000000000,-11470.0698830000
14,'2/low_score_decoys/1cc8A_BO83__1705_0.first.clean.out.3.pdb',0,0.470200000000000,-105.123000000000,-96.9324000000000,-2.97195000000000,-4.18694000000000,-1.03184000000000,-95.1979772648166,-64.4163886983457,73.6601598810620,-28.1063000000000,-28.1175000000000,177.000000000000,352.000000000000,750.000000000000,1012.00000000000,1477.00000000000,1639.00000000000,1795.00000000000,2171.00000000000,2268.00000000000,2611.00000000000,2667.00000000000,2963.00000000000,3153.00000000000,3403.00000000000,3699.00000000000,3790.00000000000,4191.00000000000,4321.00000000000,4523.00000000000,4600.00000000000,4675.00000000000,4828.00000000000,4604.00000000000,4800.00000000000,2272.00000000000,-8763.92000000000,-4969.36000000000,-3794.56000000000,-11240.8519610000
15,'2/low_score_decoys/1cc8A_BO83__1705_0.first.clean.out.4.pdb',0,0.592900000000000,-110.342000000000,-98.9777000000000,-4.14325000000000,-5.73420000000000,-1.48726000000000,-103.261849700480,-91.8532931276972,48.1235075702189,-32.9250000000000,-36.0423000000000,171.000000000000,396.000000000000,743.000000000000,1014.00000000000,1478.00000000000,1585.00000000000,1724.00000000000,2050.00000000000,2199.00000000000,2418.00000000000,2348.00000000000,2691.00000000000,2915.00000000000,3176.00000000000,3273.00000000000,3553.00000000000,3731.00000000000,3895.00000000000,4056.00000000000,4082.00000000000,4221.00000000000,4247.00000000000,4257.00000000000,4366.00000000000,2282.00000000000,-10359.5300000000,-5131.08000000000,-5228.45000000000,-11631.0483320000
16,'2/low_score_decoys/1cc8A_BO83__1705_0.first.clean.out.5.pdb',0,0.336300000000000,-98.7301000000000,-87.3201000000000,-3.82176000000000,-5.00230000000000,-2.58593000000000,-88.1319452502963,-87.2614837224503,89.5781400239616,-29.4076000000000,-29.6860000000000,169.000000000000,362.000000000000,712.000000000000,927.000000000000,1479.00000000000,1523.00000000000,1719.00000000000,1952.00000000000,2164.00000000000,2192.00000000000,2288.00000000000,2508.00000000000,2670.00000000000,2804.00000000000,3014.00000000000,3142.00000000000,3378.00000000000,3538.00000000000,3607.00000000000,3565.00000000000,3740.00000000000,3697.00000000000,3830.00000000000,3907.00000000000,1884.00000000000,-7036.96000000000,-4479.49000000000,-2557.47000000000,-10363.6247700000
17,'2/low_score_decoys/1cc8A_BO83__1705_0.first.clean.out.6.pdb',0,0.327200000000000,-94.6806000000000,-88.8580000000000,-1.98426000000000,-2.68764000000000,-1.15073000000000,-97.8573178740616,-79.0438666071314,111.945505397952,-26.4686000000000,-25.4115000000000,184.000000000000,352.000000000000,735.000000000000,967.000000000000,1438.00000000000,1557.00000000000,1792.00000000000,2015.00000000000,2191.00000000000,2347.00000000000,2486.00000000000,2742.00000000000,2810.00000000000,3237.00000000000,3298.00000000000,3551.00000000000,3845.00000000000,4011.00000000000,4109.00000000000,4207.00000000000,4263.00000000000,4457.00000000000,4502.00000000000,4615.00000000000,2308.00000000000,-6252.65000000000,-4556.80000000000,-1695.85000000000,-10396.3332570000
18,'2/low_score_decoys/1cc8A_BO83__1705_0.first.clean.out.7.pdb',0,0.538800000000000,-105.642000000000,-97.6415000000000,-2.97386000000000,-3.71536000000000,-1.31166000000000,-90.1290734653926,-96.6037820788101,91.6341058672835,-27.4350000000000,-29.5510000000000,185.000000000000,347.000000000000,763.000000000000,967.000000000000,1566.00000000000,1556.00000000000,1922.00000000000,2067.00000000000,2233.00000000000,2474.00000000000,2584.00000000000,2938.00000000000,3177.00000000000,3388.00000000000,3670.00000000000,4039.00000000000,4088.00000000000,4306.00000000000,4260.00000000000,4508.00000000000,4701.00000000000,4730.00000000000,4833.00000000000,4879.00000000000,2459.00000000000,-9256.89000000000,-5021.94000000000,-4234.94000000000,-11415.3651160000
19,'2/low_score_decoys/1cc8A_BO83__1705_0.first.clean.out.8.pdb',0,0.449600000000000,-104.809000000000,-93.3882000000000,-3.74415000000000,-5.20174000000000,-2.47517000000000,-94.5373486052846,-94.2355865464522,73.7314631897515,-29.7306000000000,-30.4966000000000,169.000000000000,379.000000000000,737.000000000000,1001.00000000000,1485.00000000000,1620.00000000000,1793.00000000000,2000.00000000000,2235.00000000000,2320.00000000000,2442.00000000000,2713.00000000000,2919.00000000000,3181.00000000000,3422.00000000000,3504.00000000000,3708.00000000000,3861.00000000000,3863.00000000000,4115.00000000000,4137.00000000000,4191.00000000000,4388.00000000000,4457.00000000000,2338.00000000000,-8266.06000000000,-4801.49000000000,-3464.57000000000,-10968.6464110000
20,'2/low_score_decoys/1cc8A_BO83__1705_0.first.clean.out.9.pdb',0,0.430900000000000,-108.473000000000,-95.0367000000000,-4.85567000000000,-6.70580000000000,-1.87528000000000,-103.164289336825,-93.3547263356637,81.1042337318978,-29.6127000000000,-28.9358000000000,188.000000000000,360.000000000000,768.000000000000,988.000000000000,1563.00000000000,1614.00000000000,1896.00000000000,2015.00000000000,2314.00000000000,2393.00000000000,2447.00000000000,2853.00000000000,2975.00000000000,3375.00000000000,3631.00000000000,3746.00000000000,4005.00000000000,4054.00000000000,4232.00000000000,4270.00000000000,4376.00000000000,4383.00000000000,4548.00000000000,4607.00000000000,2371.00000000000,-9285.44000000000,-4882.33000000000,-4403.10000000000,-11236.4745310000
21,'2/low_score_decoys/1cc8A_BOfrags83__1706_0.clean.out.10.pdb',0,0.527500000000000,-113.210000000000,-99.7278000000000,-5.13976000000000,-6.27748000000000,-2.06539000000000,-104.990665607483,-88.0686462189293,73.4335631876177,-31.0364000000000,-30.5470000000000,175.000000000000,384.000000000000,789.000000000000,1015.00000000000,1608.00000000000,1663.00000000000,1936.00000000000,2131.00000000000,2417.00000000000,2596.00000000000,2651.00000000000,2870.00000000000,3109.00000000000,3353.00000000000,3684.00000000000,3828.00000000000,4137.00000000000,4374.00000000000,4403.00000000000,4589.00000000000,4793.00000000000,4831.00000000000,4884.00000000000,4992.00000000000,2536.00000000000,-10030.0000000000,-5158.54000000000,-4871.46000000000,-11713.9998390000
22,'2/low_score_decoys/1cc8A_BOfrags83__1706_0.clean.out.11.pdb',0,0.535800000000000,-117.529000000000,-103.542000000000,-4.96827000000000,-7.02761000000000,-1.99169000000000,-92.1238069322612,-101.161561412042,46.5694316650724,-30.8648000000000,-31.4706000000000,178.000000000000,377.000000000000,772.000000000000,1091.00000000000,1615.00000000000,1722.00000000000,1929.00000000000,2241.00000000000,2346.00000000000,2603.00000000000,2710.00000000000,3107.00000000000,3345.00000000000,3583.00000000000,3928.00000000000,4162.00000000000,4432.00000000000,4410.00000000000,4568.00000000000,4558.00000000000,4727.00000000000,4837.00000000000,4978.00000000000,5020.00000000000,2432.00000000000,-11006.1700000000,-5319.00000000000,-5687.16000000000,-12105.3618520000
23,'2/low_score_decoys/1cc8A_BOfrags83__1706_0.clean.out.12.pdb',0,0.605800000000000,-115.899000000000,-102.215000000000,-4.82545000000000,-6.53510000000000,-2.32294000000000,-100.935260546416,-82.5358153783728,28.4571949246002,-30.6360000000000,-32.2614000000000,181.000000000000,371.000000000000,822.000000000000,1067.00000000000,1619.00000000000,1706.00000000000,1998.00000000000,2168.00000000000,2276.00000000000,2524.00000000000,2561.00000000000,2910.00000000000,3235.00000000000,3450.00000000000,3800.00000000000,4001.00000000000,4150.00000000000,4319.00000000000,4529.00000000000,4638.00000000000,4675.00000000000,4733.00000000000,4997.00000000000,4932.00000000000,2504.00000000000,-9970.01000000000,-5260.02000000000,-4709.99000000000,-12012.9213860000
24,'2/low_score_decoys/1cc8A_BOfrags83__1706_0.clean.out.13.pdb',0,0.580500000000000,-113.658000000000,-99.6063000000000,-5.15773000000000,-6.39664000000000,-2.49739000000000,-96.4887372809067,-90.0603987692002,10.5845156521916,-29.7182000000000,-31.3445000000000,187.000000000000,373.000000000000,774.000000000000,981.000000000000,1597.00000000000,1699.00000000000,1878.00000000000,2203.00000000000,2285.00000000000,2545.00000000000,2573.00000000000,2989.00000000000,3066.00000000000,3377.00000000000,3636.00000000000,3838.00000000000,4140.00000000000,4208.00000000000,4475.00000000000,4336.00000000000,4544.00000000000,4701.00000000000,4672.00000000000,4823.00000000000,2383.00000000000,-10080.8000000000,-5123.97000000000,-4956.83000000000,-11787.0195580000
25,'2/low_score_decoys/1cc8A_BOfrags83__1706_0.clean.out.14.pdb',0,0.562800000000000,-118.675000000000,-104.232000000000,-4.96716000000000,-7.33319000000000,-2.14210000000000,-109.046084947175,-99.7082343980465,13.9721754505197,-31.8997000000000,-32.8200000000000,193.000000000000,374.000000000000,780.000000000000,1095.00000000000,1589.00000000000,1700.00000000000,2023.00000000000,2293.00000000000,2379.00000000000,2631.00000000000,2759.00000000000,3070.00000000000,3273.00000000000,3508.00000000000,3875.00000000000,4029.00000000000,4187.00000000000,4523.00000000000,4632.00000000000,4632.00000000000,4744.00000000000,4829.00000000000,4969.00000000000,5159.00000000000,2467.00000000000,-10674.1000000000,-5338.98000000000,-5335.12000000000,-12198.9769920000
26,'2/low_score_decoys/1cc8A_BOfrags83__1706_0.clean.out.15.pdb',0,0.619200000000000,-114.117000000000,-100.277000000000,-4.98683000000000,-6.20423000000000,-2.64903000000000,-99.3538982939580,-95.8835879636760,68.1171977927616,-29.2676000000000,-30.3615000000000,170.000000000000,378.000000000000,810.000000000000,1068.00000000000,1569.00000000000,1701.00000000000,1893.00000000000,2115.00000000000,2341.00000000000,2522.00000000000,2586.00000000000,2965.00000000000,3190.00000000000,3481.00000000000,3737.00000000000,3934.00000000000,4267.00000000000,4399.00000000000,4530.00000000000,4630.00000000000,4760.00000000000,4723.00000000000,4978.00000000000,5070.00000000000,2466.00000000000,-9981.12000000000,-5168.43000000000,-4812.69000000000,-11818.0974990000
27,'2/low_score_decoys/1cc8A_BOfrags83__1706_0.clean.out.16.pdb',0,0.499700000000000,-111.321000000000,-97.9353000000000,-4.36181000000000,-5.98467000000000,-3.03899000000000,-101.396809439148,-88.7122278943710,70.9496870607817,-30.7098000000000,-32.7558000000000,176.000000000000,396.000000000000,764.000000000000,1078.00000000000,1581.00000000000,1698.00000000000,1872.00000000000,2079.00000000000,2306.00000000000,2393.00000000000,2550.00000000000,2720.00000000000,2894.00000000000,3198.00000000000,3411.00000000000,3631.00000000000,3841.00000000000,4005.00000000000,4190.00000000000,4150.00000000000,4373.00000000000,4505.00000000000,4608.00000000000,4814.00000000000,2404.00000000000,-9256.39000000000,-5015.55000000000,-4240.84000000000,-11590.3066390000
28,'2/low_score_decoys/1cc8A_BOfrags83__1706_0.clean.out.17.pdb',0,0.498800000000000,-114.166000000000,-99.9640000000000,-5.05260000000000,-6.95703000000000,-2.19204000000000,-104.937674389445,-96.2465657676692,120.407132974593,-30.8650000000000,-30.6173000000000,177.000000000000,378.000000000000,806.000000000000,1053.00000000000,1533.00000000000,1723.00000000000,1869.00000000000,2182.00000000000,2476.00000000000,2531.00000000000,2748.00000000000,2974.00000000000,3217.00000000000,3375.00000000000,3669.00000000000,3945.00000000000,4149.00000000000,4283.00000000000,4452.00000000000,4524.00000000000,4609.00000000000,4667.00000000000,4680.00000000000,4899.00000000000,2470.00000000000,-9381.62000000000,-5149.34000000000,-4232.28000000000,-11707.5235720000
29,'2/low_score_decoys/1cc8A_BOfrags83__1706_0.clean.out.18.pdb',0,0.528800000000000,-108.013000000000,-96.1370000000000,-3.93181000000000,-6.10992000000000,-1.83411000000000,-91.4750058127224,-86.8199500564336,59.8258279836733,-28.4379000000000,-27.9846000000000,171.000000000000,377.000000000000,782.000000000000,1039.00000000000,1572.00000000000,1658.00000000000,1911.00000000000,2167.00000000000,2321.00000000000,2441.00000000000,2661.00000000000,2946.00000000000,3088.00000000000,3307.00000000000,3609.00000000000,3966.00000000000,4122.00000000000,4173.00000000000,4371.00000000000,4384.00000000000,4507.00000000000,4644.00000000000,4610.00000000000,4809.00000000000,2388.00000000000,-8690.86000000000,-4936.45000000000,-3754.41000000000,-11304.3168150000
30,'2/low_score_decoys/1cc8A_BOfrags83__1706_0.clean.out.19.pdb',0,0.565000000000000,-118.379000000000,-105.553000000000,-4.66934000000000,-6.18381000000000,-1.97294000000000,-103.260738703150,-90.7872392848221,30.4844890459598,-32.9706000000000,-33.9887000000000,183.000000000000,381.000000000000,776.000000000000,1014.00000000000,1595.00000000000,1731.00000000000,1955.00000000000,2216.00000000000,2404.00000000000,2606.00000000000,2729.00000000000,2976.00000000000,3299.00000000000,3578.00000000000,3745.00000000000,4112.00000000000,4310.00000000000,4450.00000000000,4602.00000000000,4709.00000000000,4638.00000000000,4847.00000000000,4997.00000000000,5066.00000000000,2523.00000000000,-11081.3100000000,-5429.47000000000,-5651.84000000000,-12313.6995400000
31,'2/low_score_decoys/1cc8A_BO-frags83__1706_0.clean.out.1.pdb',0,0.590800000000000,-118.401000000000,-103.302000000000,-5.41133000000000,-6.95680000000000,-2.73076000000000,-100.431719661492,-100.082659827013,7.59419527836382,-30.1871000000000,-31.5208000000000,191.000000000000,374.000000000000,813.000000000000,1071.00000000000,1645.00000000000,1704.00000000000,1985.00000000000,2213.00000000000,2405.00000000000,2615.00000000000,2629.00000000000,3104.00000000000,3178.00000000000,3507.00000000000,3935.00000000000,4085.00000000000,4330.00000000000,4499.00000000000,4581.00000000000,4792.00000000000,4901.00000000000,5008.00000000000,5029.00000000000,5107.00000000000,2658.00000000000,-10388.3600000000,-5259.49000000000,-5128.87000000000,-12152.1155570000
32,'2/low_score_decoys/1cc8A_BOfrags83__1706_0.clean.out.20.pdb',0,0.422300000000000,-102.761000000000,-93.8309000000000,-3.17914000000000,-3.35779000000000,-2.39274000000000,-100.825012221272,-87.6049603725904,28.6530444381448,-25.7174000000000,-26.8351000000000,171.000000000000,351.000000000000,808.000000000000,1043.00000000000,1569.00000000000,1703.00000000000,1868.00000000000,2154.00000000000,2259.00000000000,2399.00000000000,2582.00000000000,2899.00000000000,3084.00000000000,3368.00000000000,3574.00000000000,3742.00000000000,3970.00000000000,4015.00000000000,4289.00000000000,4382.00000000000,4449.00000000000,4634.00000000000,4588.00000000000,4747.00000000000,2382.00000000000,-8627.83000000000,-4760.90000000000,-3866.94000000000,-11079.9833290000
33,'2/low_score_decoys/1cc8A_BOfrags83__1706_0.clean.out.21.pdb',0,0.591600000000000,-116.318000000000,-102.494000000000,-4.79269000000000,-7.15932000000000,-1.87248000000000,-102.992251404110,-99.8209302847091,40.2501124046333,-31.8952000000000,-33.0868000000000,184.000000000000,376.000000000000,783.000000000000,975.000000000000,1580.00000000000,1662.00000000000,1939.00000000000,2221.00000000000,2420.00000000000,2680.00000000000,2630.00000000000,2874.00000000000,3054.00000000000,3350.00000000000,3653.00000000000,3924.00000000000,4283.00000000000,4343.00000000000,4456.00000000000,4549.00000000000,4525.00000000000,4700.00000000000,4797.00000000000,4957.00000000000,2533.00000000000,-10953.3900000000,-5278.67000000000,-5674.72000000000,-12030.0117920000
34,'2/low_score_decoys/1cc8A_BOfrags83__1706_0.clean.out.22.pdb',0,0.373300000000000,-104.709000000000,-95.0757000000000,-3.57866000000000,-4.25618000000000,-1.79857000000000,-102.597303999339,-86.0913535840088,77.2611446351759,-27.2994000000000,-25.6487000000000,183.000000000000,362.000000000000,773.000000000000,1048.00000000000,1606.00000000000,1726.00000000000,1986.00000000000,2196.00000000000,2390.00000000000,2590.00000000000,2665.00000000000,2988.00000000000,3227.00000000000,3354.00000000000,3633.00000000000,3967.00000000000,4215.00000000000,4225.00000000000,4313.00000000000,4527.00000000000,4528.00000000000,4561.00000000000,4839.00000000000,4813.00000000000,2329.00000000000,-7777.58000000000,-4859.46000000000,-2918.12000000000,-11177.3132770000
35,'2/low_score_decoys/1cc8A_BOfrags83__1706_0.clean.out.23.pdb',0,0.461800000000000,-109.884000000000,-97.7457000000000,-4.30674000000000,-5.99137000000000,-1.84058000000000,-106.342922806226,-76.5317604997757,116.259884353697,-28.3130000000000,-26.3883000000000,184.000000000000,387.000000000000,783.000000000000,1050.00000000000,1601.00000000000,1764.00000000000,1963.00000000000,2242.00000000000,2460.00000000000,2616.00000000000,2737.00000000000,3011.00000000000,3289.00000000000,3639.00000000000,3825.00000000000,4047.00000000000,4234.00000000000,4540.00000000000,4603.00000000000,4524.00000000000,4646.00000000000,4788.00000000000,4733.00000000000,4832.00000000000,2329.00000000000,-8226.44000000000,-4984.83000000000,-3241.60000000000,-11439.4965340000
36,'2/low_score_decoys/1cc8A_BOfrags83__1706_0.clean.out.24.pdb',0,0.560400000000000,-112.249000000000,-101.133000000000,-3.49799000000000,-5.52025000000000,-2.09764000000000,-94.9321085213104,-81.6725634237137,5.41045791437325,-28.7081000000000,-29.6728000000000,176.000000000000,373.000000000000,758.000000000000,1042.00000000000,1586.00000000000,1728.00000000000,1951.00000000000,2214.00000000000,2463.00000000000,2622.00000000000,2748.00000000000,2932.00000000000,3242.00000000000,3555.00000000000,3855.00000000000,4113.00000000000,4330.00000000000,4481.00000000000,4533.00000000000,4740.00000000000,4684.00000000000,4879.00000000000,5025.00000000000,4961.00000000000,2507.00000000000,-9302.22000000000,-5198.71000000000,-4103.51000000000,-11856.2014000000
37,'2/low_score_decoys/1cc8A_BOfrags83__1706_0.clean.out.25.pdb',0,0.481000000000000,-105.902000000000,-94.3176000000000,-3.75486000000000,-5.86268000000000,-1.96649000000000,-95.9002112210542,-79.2847562684511,98.0692356799784,-27.3554000000000,-28.0177000000000,184.000000000000,364.000000000000,780.000000000000,1028.00000000000,1603.00000000000,1640.00000000000,1934.00000000000,2222.00000000000,2392.00000000000,2525.00000000000,2515.00000000000,2845.00000000000,3015.00000000000,3274.00000000000,3506.00000000000,3605.00000000000,3992.00000000000,4055.00000000000,4142.00000000000,4198.00000000000,4366.00000000000,4391.00000000000,4533.00000000000,4841.00000000000,2442.00000000000,-8477.77000000000,-4821.23000000000,-3656.55000000000,-11226.8244710000
38,'2/low_score_decoys/1cc8A_BOfrags83__1706_0.clean.out.26.pdb',0,0.548800000000000,-112.210000000000,-103.347000000000,-3.18448000000000,-4.50448000000000,-1.17383000000000,-83.0665200146715,-72.8627280844460,18.0080772234666,-28.8157000000000,-29.8176000000000,178.000000000000,363.000000000000,810.000000000000,1047.00000000000,1674.00000000000,1741.00000000000,1989.00000000000,2279.00000000000,2441.00000000000,2694.00000000000,2873.00000000000,3105.00000000000,3426.00000000000,3629.00000000000,3848.00000000000,4187.00000000000,4414.00000000000,4561.00000000000,4724.00000000000,4730.00000000000,4860.00000000000,5042.00000000000,5029.00000000000,5189.00000000000,2552.00000000000,-9606.07000000000,-5306.54000000000,-4299.52000000000,-12057.6708010000
39,'2/low_score_decoys/1cc8A_BOfrags83__1706_0.clean.out.27.pdb',0,0.449000000000000,-114.010000000000,-99.7195000000000,-4.89187000000000,-6.23284000000000,-3.16611000000000,-105.833728114428,-92.4329713496188,7.04497250019519,-29.6942000000000,-30.4713000000000,177.000000000000,389.000000000000,764.000000000000,1054.00000000000,1587.00000000000,1700.00000000000,1941.00000000000,2220.00000000000,2333.00000000000,2482.00000000000,2661.00000000000,2841.00000000000,3327.00000000000,3431.00000000000,3730.00000000000,3875.00000000000,4100.00000000000,4224.00000000000,4395.00000000000,4571.00000000000,4531.00000000000,4813.00000000000,4835.00000000000,4871.00000000000,2398.00000000000,-9899.47000000000,-5113.82000000000,-4785.65000000000,-11709.3628610000
40,'2/low_score_decoys/1cc8A_BOfrags83__1706_0.clean.out.28.pdb',0,0.632400000000000,-118.555000000000,-103.548000000000,-5.58908000000000,-6.89014000000000,-2.52807000000000,-119.777781248667,-99.3131351296481,-4.80206312078325,-31.6056000000000,-34.6928000000000,174.000000000000,386.000000000000,766.000000000000,1021.00000000000,1531.00000000000,1627.00000000000,1890.00000000000,2106.00000000000,2317.00000000000,2478.00000000000,2599.00000000000,2827.00000000000,3158.00000000000,3374.00000000000,3733.00000000000,3904.00000000000,4230.00000000000,4436.00000000000,4497.00000000000,4723.00000000000,4750.00000000000,4672.00000000000,4830.00000000000,4895.00000000000,2479.00000000000,-11121.4900000000,-5334.13000000000,-5787.36000000000,-12170.2163500000
41,'2/low_score_decoys/1cc8A_BOfrags83__1706_0.clean.out.29.pdb',0,0.381200000000000,-100.156000000000,-89.0334000000000,-3.91577000000000,-5.13965000000000,-2.06740000000000,-100.698868227752,-85.1681222282794,146.743293160838,-23.7392000000000,-20.7882000000000,184.000000000000,371.000000000000,799.000000000000,1030.00000000000,1630.00000000000,1679.00000000000,1989.00000000000,2131.00000000000,2438.00000000000,2561.00000000000,2697.00000000000,2860.00000000000,3177.00000000000,3469.00000000000,3590.00000000000,3823.00000000000,4102.00000000000,4232.00000000000,4071.00000000000,4333.00000000000,4469.00000000000,4561.00000000000,4518.00000000000,4840.00000000000,2315.00000000000,-5648.58000000000,-4514.02000000000,-1134.56000000000,-10659.5462140000
42,'2/low_score_decoys/1cc8A_BO-frags83__1706_0.clean.out.2.pdb',0,0.572300000000000,-114.027000000000,-100.659000000000,-4.88687000000000,-6.01263000000000,-2.46811000000000,-100.020868806531,-83.8454710668271,54.9336030649496,-30.3441000000000,-31.5497000000000,175.000000000000,371.000000000000,770.000000000000,1047.00000000000,1594.00000000000,1691.00000000000,1968.00000000000,2198.00000000000,2368.00000000000,2588.00000000000,2550.00000000000,2903.00000000000,3010.00000000000,3467.00000000000,3694.00000000000,3891.00000000000,4112.00000000000,4323.00000000000,4461.00000000000,4439.00000000000,4548.00000000000,4650.00000000000,4878.00000000000,4913.00000000000,2420.00000000000,-9996.82000000000,-5184.10000000000,-4812.72000000000,-11843.7546500000
43,'2/low_score_decoys/1cc8A_BOfrags83__1706_0.clean.out.30.pdb',0,0.506700000000000,-108.210000000000,-97.0738000000000,-4.04527000000000,-4.95186000000000,-2.13945000000000,-110.039762118467,-79.2379756954417,57.0450654784801,-29.7377000000000,-29.5486000000000,188.000000000000,390.000000000000,767.000000000000,1100.00000000000,1623.00000000000,1721.00000000000,1931.00000000000,2171.00000000000,2413.00000000000,2570.00000000000,2631.00000000000,2904.00000000000,3137.00000000000,3340.00000000000,3661.00000000000,3725.00000000000,3960.00000000000,4128.00000000000,4240.00000000000,4214.00000000000,4266.00000000000,4385.00000000000,4470.00000000000,4414.00000000000,2215.00000000000,-9015.74000000000,-4999.26000000000,-4016.48000000000,-11452.4397690000
44,'2/low_score_decoys/1cc8A_BOfrags83__1706_0.clean.out.31.pdb',0,0.441600000000000,-104.989000000000,-95.4256000000000,-3.34213000000000,-4.15707000000000,-2.06457000000000,-101.991415437650,-82.5932404580722,73.1223610745922,-27.4224000000000,-26.2686000000000,175.000000000000,372.000000000000,795.000000000000,1055.00000000000,1602.00000000000,1740.00000000000,1959.00000000000,2161.00000000000,2337.00000000000,2552.00000000000,2654.00000000000,2913.00000000000,3121.00000000000,3502.00000000000,3675.00000000000,3805.00000000000,4178.00000000000,4295.00000000000,4428.00000000000,4437.00000000000,4531.00000000000,4680.00000000000,4778.00000000000,4821.00000000000,2381.00000000000,-8447.72000000000,-4862.33000000000,-3585.39000000000,-11245.4025210000
45,'2/low_score_decoys/1cc8A_BOfrags83__1706_0.clean.out.32.pdb',0,0.430000000000000,-109.499000000000,-99.4249000000000,-3.67437000000000,-5.02529000000000,-1.37460000000000,-95.5372898845684,-69.4346195048082,96.1856711073869,-29.9763000000000,-30.2008000000000,172.000000000000,382.000000000000,767.000000000000,1065.00000000000,1604.00000000000,1615.00000000000,1991.00000000000,2064.00000000000,2390.00000000000,2462.00000000000,2645.00000000000,3030.00000000000,3085.00000000000,3470.00000000000,3704.00000000000,3918.00000000000,4071.00000000000,4368.00000000000,4425.00000000000,4490.00000000000,4598.00000000000,4759.00000000000,4854.00000000000,4975.00000000000,2411.00000000000,-9348.99000000000,-5134.86000000000,-4214.13000000000,-11702.4330950000
46,'2/low_score_decoys/1cc8A_BOfrags83__1706_0.clean.out.33.pdb',0,0.677100000000000,-119.584000000000,-106.095000000000,-5.02220000000000,-6.47697000000000,-1.98935000000000,-106.566444026666,-96.4279133650198,10.3231199752289,-32.1677000000000,-34.4911000000000,190.000000000000,397.000000000000,789.000000000000,1106.00000000000,1616.00000000000,1782.00000000000,1924.00000000000,2250.00000000000,2403.00000000000,2687.00000000000,2759.00000000000,2997.00000000000,3256.00000000000,3491.00000000000,3837.00000000000,4041.00000000000,4254.00000000000,4455.00000000000,4714.00000000000,4702.00000000000,4822.00000000000,4988.00000000000,5056.00000000000,5213.00000000000,2633.00000000000,-10974.5700000000,-5449.84000000000,-5524.72000000000,-12416.7419280000
47,'2/low_score_decoys/1cc8A_BOfrags83__1706_0.clean.out.34.pdb',0,0.366200000000000,-97.3870000000000,-87.8051000000000,-3.63039000000000,-3.78483000000000,-2.16667000000000,-95.0372760958195,-82.4071231254728,65.0926056887108,-26.1267000000000,-25.0364000000000,181.000000000000,380.000000000000,779.000000000000,1032.00000000000,1563.00000000000,1674.00000000000,1906.00000000000,2051.00000000000,2262.00000000000,2407.00000000000,2477.00000000000,2734.00000000000,2938.00000000000,3213.00000000000,3362.00000000000,3591.00000000000,3637.00000000000,3649.00000000000,3729.00000000000,3967.00000000000,3999.00000000000,4048.00000000000,4203.00000000000,4178.00000000000,2190.00000000000,-6195.17000000000,-4499.39000000000,-1695.78000000000,-10500.3446330000
48,'2/low_score_decoys/1cc8A_BOfrags83__1706_0.clean.out.35.pdb',0,0.518300000000000,-113.366000000000,-100.059000000000,-4.66507000000000,-5.83659000000000,-2.80602000000000,-111.087301786616,-86.1452128628111,43.0537070735980,-29.9195000000000,-30.1839000000000,183.000000000000,401.000000000000,755.000000000000,1078.00000000000,1572.00000000000,1714.00000000000,1980.00000000000,2167.00000000000,2430.00000000000,2509.00000000000,2670.00000000000,2919.00000000000,3170.00000000000,3426.00000000000,3708.00000000000,4060.00000000000,4195.00000000000,4386.00000000000,4518.00000000000,4542.00000000000,4697.00000000000,4752.00000000000,4837.00000000000,4869.00000000000,2368.00000000000,-9224.14000000000,-5056.73000000000,-4167.41000000000,-11721.4871900000
49,'2/low_score_decoys/1cc8A_BOfrags83__1706_0.clean.out.36.pdb',0,0.307600000000000,-119.477000000000,-105.648000000000,-4.55022000000000,-6.97158000000000,-2.30730000000000,-109.307633025399,-76.7827288302365,37.0728323399571,-33.3435000000000,-35.5720000000000,181.000000000000,384.000000000000,775.000000000000,1062.00000000000,1603.00000000000,1724.00000000000,1926.00000000000,2134.00000000000,2408.00000000000,2513.00000000000,2675.00000000000,2952.00000000000,3224.00000000000,3591.00000000000,3717.00000000000,3971.00000000000,4263.00000000000,4375.00000000000,4489.00000000000,4621.00000000000,4534.00000000000,4659.00000000000,4566.00000000000,4797.00000000000,2372.00000000000,-11062.3000000000,-5453.02000000000,-5609.27000000000,-12343.4962940000
50,'2/low_score_decoys/1cc8A_BOfrags83__1706_0.clean.out.37.pdb',0,0.345800000000000,-100.003000000000,-89.4373000000000,-3.62471000000000,-4.46068000000000,-2.48065000000000,-107.057430108465,-93.1253404623575,97.5670504180044,-27.6431000000000,-25.7244000000000,170.000000000000,381.000000000000,770.000000000000,986.000000000000,1522.00000000000,1698.00000000000,1910.00000000000,2115.00000000000,2317.00000000000,2428.00000000000,2598.00000000000,2839.00000000000,2988.00000000000,3100.00000000000,3375.00000000000,3479.00000000000,3713.00000000000,3847.00000000000,3779.00000000000,3931.00000000000,3990.00000000000,4115.00000000000,4045.00000000000,4304.00000000000,2119.00000000000,-7322.18000000000,-4575.43000000000,-2746.75000000000,-10679.6825690000
51,'2/low_score_decoys/1cc8A_BOfrags83__1706_0.clean.out.38.pdb',0,0.478000000000000,-114.396000000000,-99.8014000000000,-4.84905000000000,-7.39601000000000,-2.34908000000000,-96.1667528400578,-97.9825243577348,27.1767496944661,-30.2979000000000,-30.0988000000000,176.000000000000,384.000000000000,766.000000000000,1034.00000000000,1549.00000000000,1726.00000000000,1988.00000000000,2219.00000000000,2430.00000000000,2550.00000000000,2758.00000000000,2926.00000000000,3183.00000000000,3515.00000000000,3781.00000000000,3900.00000000000,4174.00000000000,4291.00000000000,4439.00000000000,4449.00000000000,4594.00000000000,4681.00000000000,4641.00000000000,4867.00000000000,2423.00000000000,-9765.34000000000,-5124.83000000000,-4640.51000000000,-11705.0560160000
52,'2/low_score_decoys/1cc8A_BOfrags83__1706_0.clean.out.39.pdb',0,0.527900000000000,-117.765000000000,-101.764000000000,-5.57775000000000,-7.99312000000000,-2.43000000000000,-101.816792998944,-100.386824761553,-0.690038656782582,-32.1424000000000,-33.1775000000000,181.000000000000,388.000000000000,781.000000000000,1061.00000000000,1574.00000000000,1606.00000000000,2016.00000000000,2090.00000000000,2384.00000000000,2600.00000000000,2621.00000000000,2902.00000000000,3115.00000000000,3417.00000000000,3621.00000000000,3833.00000000000,4166.00000000000,4253.00000000000,4425.00000000000,4506.00000000000,4562.00000000000,4653.00000000000,4875.00000000000,4981.00000000000,2533.00000000000,-10469.4200000000,-5236.46000000000,-5232.96000000000,-11953.6230530000
53,'2/low_score_decoys/1cc8A_BO-frags83__1706_0.clean.out.3.pdb',0,0.715600000000000,-118.878000000000,-105.944000000000,-4.46975000000000,-6.57949000000000,-1.88412000000000,-112.550175128367,-79.5747683877497,5.83541026912703,-31.3927000000000,-33.7254000000000,174.000000000000,364.000000000000,848.000000000000,1039.00000000000,1623.00000000000,1719.00000000000,2007.00000000000,2194.00000000000,2454.00000000000,2608.00000000000,2719.00000000000,3012.00000000000,3342.00000000000,3558.00000000000,3863.00000000000,4087.00000000000,4399.00000000000,4436.00000000000,4639.00000000000,4674.00000000000,4917.00000000000,4954.00000000000,5072.00000000000,5253.00000000000,2566.00000000000,-11152.8700000000,-5449.23000000000,-5703.64000000000,-12396.8761080000
54,'2/low_score_decoys/1cc8A_BOfrags83__1706_0.clean.out.40.pdb',0,0.388400000000000,-103.722000000000,-93.0948000000000,-3.67371000000000,-4.83658000000000,-2.11692000000000,-113.235318763927,-91.3714278064693,87.8458643898447,-27.5169000000000,-26.5836000000000,181.000000000000,366.000000000000,768.000000000000,1048.00000000000,1592.00000000000,1736.00000000000,2002.00000000000,2139.00000000000,2317.00000000000,2509.00000000000,2627.00000000000,2951.00000000000,3004.00000000000,3234.00000000000,3474.00000000000,3709.00000000000,3895.00000000000,4052.00000000000,4115.00000000000,4211.00000000000,4282.00000000000,4300.00000000000,4433.00000000000,4485.00000000000,2284.00000000000,-7714.37000000000,-4741.11000000000,-2973.26000000000,-11051.5329450000
55,'2/low_score_decoys/1cc8A_BOfrags83__1706_0.clean.out.41.pdb',0,0.706400000000000,-118.389000000000,-106.520000000000,-4.20982000000000,-6.14724000000000,-1.51252000000000,-103.959028674318,-94.8934658678114,-3.77222687429510,-31.8779000000000,-34.2778000000000,177.000000000000,384.000000000000,789.000000000000,1079.00000000000,1594.00000000000,1717.00000000000,2006.00000000000,2225.00000000000,2360.00000000000,2660.00000000000,2817.00000000000,2983.00000000000,3326.00000000000,3605.00000000000,3813.00000000000,4147.00000000000,4320.00000000000,4535.00000000000,4639.00000000000,4656.00000000000,4886.00000000000,5052.00000000000,5022.00000000000,5191.00000000000,2569.00000000000,-11205.3900000000,-5484.68000000000,-5720.71000000000,-12423.1242360000
56,'2/low_score_decoys/1cc8A_BOfrags83__1706_0.clean.out.42.pdb',0,0.502900000000000,-105.685000000000,-93.8878000000000,-4.53495000000000,-5.41710000000000,-1.84469000000000,-94.9672486510982,-89.2690715793076,83.2275781833511,-26.8835000000000,-27.1920000000000,190.000000000000,360.000000000000,788.000000000000,1044.00000000000,1552.00000000000,1676.00000000000,2016.00000000000,2116.00000000000,2408.00000000000,2515.00000000000,2512.00000000000,2779.00000000000,2959.00000000000,3232.00000000000,3539.00000000000,3829.00000000000,4032.00000000000,4123.00000000000,4173.00000000000,4177.00000000000,4277.00000000000,4528.00000000000,4580.00000000000,4832.00000000000,2341.00000000000,-8145.23000000000,-4793.89000000000,-3351.34000000000,-11153.8891590000
57,'2/low_score_decoys/1cc8A_BOfrags83__1706_0.clean.out.43.pdb',0,0.535000000000000,-116.863000000000,-103.479000000000,-4.89610000000000,-6.69423000000000,-1.79393000000000,-99.4349249038791,-72.0217179720692,26.7672333219637,-30.8579000000000,-31.3842000000000,182.000000000000,387.000000000000,796.000000000000,1100.00000000000,1603.00000000000,1757.00000000000,1899.00000000000,2239.00000000000,2399.00000000000,2636.00000000000,2698.00000000000,2984.00000000000,3335.00000000000,3609.00000000000,3717.00000000000,4132.00000000000,4368.00000000000,4577.00000000000,4679.00000000000,4818.00000000000,4989.00000000000,4894.00000000000,4977.00000000000,5253.00000000000,2575.00000000000,-11022.3000000000,-5309.42000000000,-5712.88000000000,-12111.1283040000
58,'2/low_score_decoys/1cc8A_BOfrags83__1706_0.clean.out.44.pdb',0,0.576600000000000,-117.137000000000,-102.540000000000,-5.38267000000000,-7.12271000000000,-2.09166000000000,-93.0317787144232,-95.3078179497313,15.4240693604468,-31.7749000000000,-33.4733000000000,187.000000000000,364.000000000000,797.000000000000,1035.00000000000,1584.00000000000,1665.00000000000,1906.00000000000,2123.00000000000,2426.00000000000,2516.00000000000,2654.00000000000,2926.00000000000,3192.00000000000,3502.00000000000,3680.00000000000,3871.00000000000,4044.00000000000,4327.00000000000,4439.00000000000,4621.00000000000,4687.00000000000,4597.00000000000,4828.00000000000,4836.00000000000,2425.00000000000,-10162.0700000000,-5272.43000000000,-4889.63000000000,-12034.7942140000
59,'2/low_score_decoys/1cc8A_BOfrags83__1706_0.clean.out.45.pdb',0,0.515500000000000,-112.924000000000,-99.0493000000000,-4.74763000000000,-6.95633000000000,-2.17124000000000,-106.125587932022,-87.3888231069555,90.7501518822908,-30.0568000000000,-30.4955000000000,183.000000000000,375.000000000000,799.000000000000,1066.00000000000,1577.00000000000,1722.00000000000,1933.00000000000,2139.00000000000,2396.00000000000,2544.00000000000,2635.00000000000,2923.00000000000,3166.00000000000,3538.00000000000,3639.00000000000,3884.00000000000,4047.00000000000,4116.00000000000,4264.00000000000,4392.00000000000,4608.00000000000,4691.00000000000,4757.00000000000,4871.00000000000,2461.00000000000,-9425.26000000000,-5072.49000000000,-4352.76000000000,-11702.7834370000
60,'2/low_score_decoys/1cc8A_BOfrags83__1706_0.clean.out.46.pdb',0,0.538300000000000,-115.297000000000,-103.523000000000,-4.02141000000000,-5.90212000000000,-1.85014000000000,-98.7394397917834,-93.6248742462578,34.8620936058091,-30.1236000000000,-31.3456000000000,163.000000000000,378.000000000000,748.000000000000,1035.00000000000,1612.00000000000,1727.00000000000,1984.00000000000,2201.00000000000,2478.00000000000,2588.00000000000,2694.00000000000,2994.00000000000,3289.00000000000,3683.00000000000,3855.00000000000,4109.00000000000,4378.00000000000,4528.00000000000,4565.00000000000,4715.00000000000,4767.00000000000,4867.00000000000,5054.00000000000,5082.00000000000,2487.00000000000,-10545.5400000000,-5335.48000000000,-5210.06000000000,-12096.8362230000
61,'2/low_score_decoys/1cc8A_BOfrags83__1706_0.clean.out.47.pdb',0,0.335500000000000,-101.269000000000,-91.0084000000000,-3.92895000000000,-4.76062000000000,-1.57114000000000,-112.470319389756,-84.7503399636422,127.984387404389,-27.1510000000000,-24.7394000000000,181.000000000000,409.000000000000,765.000000000000,1070.00000000000,1579.00000000000,1718.00000000000,1971.00000000000,2055.00000000000,2371.00000000000,2451.00000000000,2649.00000000000,2907.00000000000,3124.00000000000,3247.00000000000,3504.00000000000,3669.00000000000,3833.00000000000,4078.00000000000,4075.00000000000,4256.00000000000,4228.00000000000,4390.00000000000,4535.00000000000,4535.00000000000,2313.00000000000,-7083.76000000000,-4602.11000000000,-2481.65000000000,-10833.9952490000
62,'2/low_score_decoys/1cc8A_BOfrags83__1706_0.clean.out.48.pdb',0,0.623100000000000,-113.050000000000,-99.6666000000000,-4.81539000000000,-6.18929000000000,-2.37853000000000,-101.032035123028,-87.9122992501396,44.4610879491807,-29.8259000000000,-30.5562000000000,178.000000000000,383.000000000000,799.000000000000,1054.00000000000,1537.00000000000,1687.00000000000,1852.00000000000,2128.00000000000,2349.00000000000,2533.00000000000,2643.00000000000,2865.00000000000,3162.00000000000,3451.00000000000,3643.00000000000,4072.00000000000,4146.00000000000,4401.00000000000,4470.00000000000,4548.00000000000,4666.00000000000,4880.00000000000,4850.00000000000,4978.00000000000,2545.00000000000,-9428.88000000000,-5115.07000000000,-4313.81000000000,-11721.4794500000
63,'2/low_score_decoys/1cc8A_BOfrags83__1706_0.clean.out.49.pdb',0,0.479700000000000,-108.104000000000,-95.7404000000000,-4.04949000000000,-5.49187000000000,-2.82222000000000,-102.883155854648,-88.1331433300873,16.5752153719096,-29.1140000000000,-30.2222000000000,172.000000000000,380.000000000000,778.000000000000,1076.00000000000,1556.00000000000,1671.00000000000,1884.00000000000,2082.00000000000,2304.00000000000,2417.00000000000,2564.00000000000,2815.00000000000,3016.00000000000,3171.00000000000,3471.00000000000,3583.00000000000,3759.00000000000,4163.00000000000,4071.00000000000,4266.00000000000,4384.00000000000,4480.00000000000,4551.00000000000,4757.00000000000,2365.00000000000,-8502.69000000000,-4895.22000000000,-3607.47000000000,-11321.8169870000
64,'2/low_score_decoys/1cc8A_BO-frags83__1706_0.clean.out.4.pdb',0,0.577000000000000,-115.093000000000,-100.975000000000,-5.09299000000000,-6.83911000000000,-2.18553000000000,-99.5947917051169,-81.9861570416277,8.42168132059680,-31.7092000000000,-32.8247000000000,183.000000000000,370.000000000000,804.000000000000,1017.00000000000,1562.00000000000,1683.00000000000,1928.00000000000,2166.00000000000,2353.00000000000,2559.00000000000,2633.00000000000,2869.00000000000,3160.00000000000,3364.00000000000,3772.00000000000,3853.00000000000,3975.00000000000,4248.00000000000,4264.00000000000,4301.00000000000,4503.00000000000,4619.00000000000,4686.00000000000,4891.00000000000,2325.00000000000,-9851.25000000000,-5209.22000000000,-4642.03000000000,-11880.0753940000
65,'2/low_score_decoys/1cc8A_BOfrags83__1706_0.clean.out.50.pdb',0,0.554800000000000,-114.468000000000,-100.613000000000,-5.03140000000000,-6.42830000000000,-2.39576000000000,-101.012057150448,-92.4939652068890,10.9373769837119,-30.3526000000000,-31.2643000000000,176.000000000000,346.000000000000,801.000000000000,931.000000000000,1533.00000000000,1678.00000000000,1975.00000000000,2142.00000000000,2348.00000000000,2551.00000000000,2624.00000000000,2919.00000000000,3117.00000000000,3378.00000000000,3695.00000000000,3936.00000000000,4221.00000000000,4327.00000000000,4532.00000000000,4567.00000000000,4684.00000000000,4712.00000000000,4784.00000000000,5080.00000000000,2478.00000000000,-9735.62000000000,-5159.92000000000,-4575.70000000000,-11789.0546010000
66,'2/low_score_decoys/1cc8A_BOfrags83__1706_0.clean.out.51.pdb',0,0.418300000000000,-109.190000000000,-98.2330000000000,-4.28785000000000,-5.02765000000000,-1.64123000000000,-102.820160540848,-75.6402652067451,25.5837462544993,-29.4213000000000,-31.7972000000000,183.000000000000,365.000000000000,756.000000000000,1039.00000000000,1547.00000000000,1686.00000000000,1946.00000000000,2215.00000000000,2362.00000000000,2530.00000000000,2625.00000000000,2788.00000000000,2980.00000000000,3291.00000000000,3469.00000000000,3704.00000000000,3960.00000000000,4020.00000000000,4172.00000000000,4023.00000000000,4335.00000000000,4445.00000000000,4557.00000000000,4814.00000000000,2334.00000000000,-8275.09000000000,-5041.28000000000,-3233.81000000000,-11625.0739750000
67,'2/low_score_decoys/1cc8A_BOfrags83__1706_0.clean.out.52.pdb',0,0.481300000000000,-108.305000000000,-95.7137000000000,-4.51595000000000,-5.80457000000000,-2.27072000000000,-91.3675621145324,-76.7809387865719,55.1878034436747,-29.2051000000000,-27.9000000000000,173.000000000000,386.000000000000,789.000000000000,1048.00000000000,1661.00000000000,1756.00000000000,2017.00000000000,2237.00000000000,2345.00000000000,2458.00000000000,2575.00000000000,2829.00000000000,3086.00000000000,3481.00000000000,3630.00000000000,3774.00000000000,3945.00000000000,4135.00000000000,4105.00000000000,4425.00000000000,4382.00000000000,4491.00000000000,4493.00000000000,4679.00000000000,2384.00000000000,-7940.11000000000,-4910.78000000000,-3029.33000000000,-11322.1532950000
68,'2/low_score_decoys/1cc8A_BOfrags83__1706_0.clean.out.53.pdb',0,0.371300000000000,-110.430000000000,-96.0736000000000,-5.31760000000000,-6.43634000000000,-2.60243000000000,-108.236675388642,-91.1526258861509,111.043319202004,-28.2410000000000,-26.4560000000000,186.000000000000,378.000000000000,759.000000000000,1048.00000000000,1570.00000000000,1655.00000000000,1960.00000000000,2110.00000000000,2380.00000000000,2568.00000000000,2614.00000000000,2887.00000000000,3178.00000000000,3563.00000000000,3763.00000000000,4021.00000000000,4203.00000000000,4347.00000000000,4438.00000000000,4514.00000000000,4744.00000000000,4817.00000000000,4926.00000000000,4927.00000000000,2554.00000000000,-7732.35000000000,-4876.03000000000,-2856.32000000000,-11344.1365690000
69,'2/low_score_decoys/1cc8A_BOfrags83__1706_0.clean.out.54.pdb',0,0.600100000000000,-116.697000000000,-104.429000000000,-4.93995000000000,-5.65644000000000,-1.67235000000000,-91.0507774708088,-84.4370980019485,7.34321637423849,-30.9247000000000,-31.6461000000000,193.000000000000,373.000000000000,796.000000000000,1101.00000000000,1666.00000000000,1790.00000000000,2026.00000000000,2275.00000000000,2439.00000000000,2599.00000000000,2722.00000000000,3136.00000000000,3289.00000000000,3711.00000000000,3913.00000000000,4122.00000000000,4382.00000000000,4477.00000000000,4511.00000000000,4763.00000000000,4797.00000000000,4989.00000000000,4920.00000000000,5180.00000000000,2611.00000000000,-10538.3500000000,-5388.21000000000,-5150.13000000000,-12182.4686700000
70,'2/low_score_decoys/1cc8A_BOfrags83__1706_0.clean.out.55.pdb',0,0.390100000000000,-108.716000000000,-97.4759000000000,-4.25903000000000,-5.53213000000000,-1.44859000000000,-103.735734625801,-92.9920657731632,107.334471893254,-27.7335000000000,-26.0311000000000,185.000000000000,380.000000000000,789.000000000000,1101.00000000000,1644.00000000000,1745.00000000000,2002.00000000000,2219.00000000000,2416.00000000000,2648.00000000000,2750.00000000000,3097.00000000000,3233.00000000000,3633.00000000000,3838.00000000000,4107.00000000000,4150.00000000000,4489.00000000000,4440.00000000000,4737.00000000000,4698.00000000000,4758.00000000000,5004.00000000000,4993.00000000000,2425.00000000000,-8128.06000000000,-4971.31000000000,-3156.75000000000,-11512.7905390000
71,'2/low_score_decoys/1cc8A_BOfrags83__1706_0.clean.out.56.pdb',0,0.567200000000000,-113.293000000000,-100.028000000000,-4.65710000000000,-6.67360000000000,-1.93387000000000,-98.8887820459521,-80.2195413700761,48.3657646505733,-28.8440000000000,-29.4510000000000,167.000000000000,385.000000000000,735.000000000000,1063.00000000000,1647.00000000000,1674.00000000000,1997.00000000000,2182.00000000000,2348.00000000000,2526.00000000000,2661.00000000000,2910.00000000000,3215.00000000000,3584.00000000000,3764.00000000000,4024.00000000000,4204.00000000000,4401.00000000000,4517.00000000000,4679.00000000000,4829.00000000000,4848.00000000000,4921.00000000000,4968.00000000000,2383.00000000000,-9718.82000000000,-5120.56000000000,-4598.26000000000,-11744.9922470000
72,'2/low_score_decoys/1cc8A_BOfrags83__1706_0.clean.out.57.pdb',0,0.416000000000000,-109.770000000000,-96.9982000000000,-4.66973000000000,-6.00721000000000,-2.09486000000000,-97.8460651838884,-89.5566150609461,95.1684190438926,-27.7643000000000,-25.4593000000000,184.000000000000,384.000000000000,792.000000000000,1025.00000000000,1613.00000000000,1761.00000000000,1903.00000000000,2205.00000000000,2418.00000000000,2638.00000000000,2723.00000000000,3067.00000000000,3284.00000000000,3684.00000000000,3905.00000000000,4116.00000000000,4256.00000000000,4384.00000000000,4578.00000000000,4704.00000000000,4744.00000000000,4794.00000000000,4954.00000000000,4912.00000000000,2464.00000000000,-7737.28000000000,-4929.70000000000,-2807.58000000000,-11416.6363210000
73,'2/low_score_decoys/1cc8A_BOfrags83__1706_0.clean.out.58.pdb',0,0.474800000000000,-109.881000000000,-99.5821000000000,-3.46988000000000,-5.23991000000000,-1.58963000000000,-104.792689922107,-95.7927976582453,64.0628693001415,-29.9487000000000,-30.1972000000000,182.000000000000,399.000000000000,800.000000000000,1061.00000000000,1612.00000000000,1721.00000000000,2000.00000000000,2167.00000000000,2385.00000000000,2516.00000000000,2677.00000000000,2926.00000000000,3176.00000000000,3507.00000000000,3634.00000000000,3923.00000000000,3979.00000000000,4319.00000000000,4471.00000000000,4518.00000000000,4705.00000000000,4794.00000000000,4865.00000000000,4943.00000000000,2535.00000000000,-9567.36000000000,-5091.48000000000,-4475.89000000000,-11686.4231810000
74,'2/low_score_decoys/1cc8A_BOfrags83__1706_0.clean.out.59.pdb',0,0.575600000000000,-108.637000000000,-96.7858000000000,-4.45814000000000,-5.48020000000000,-1.91300000000000,-100.752551442972,-99.2873769588185,92.2007068859348,-30.1119000000000,-30.4365000000000,169.000000000000,371.000000000000,796.000000000000,1008.00000000000,1627.00000000000,1699.00000000000,1872.00000000000,2135.00000000000,2345.00000000000,2567.00000000000,2499.00000000000,2831.00000000000,3093.00000000000,3290.00000000000,3662.00000000000,3642.00000000000,3938.00000000000,4064.00000000000,3970.00000000000,4260.00000000000,4243.00000000000,4307.00000000000,4260.00000000000,4519.00000000000,2212.00000000000,-8775.43000000000,-4996.87000000000,-3778.55000000000,-11424.2016280000
75,'2/low_score_decoys/1cc8A_BO-frags83__1706_0.clean.out.5.pdb',0,0.516000000000000,-116.893000000000,-101.439000000000,-5.33758000000000,-7.55292000000000,-2.56353000000000,-102.995610022937,-91.1338551737721,31.3758949464537,-30.5352000000000,-30.8121000000000,173.000000000000,376.000000000000,797.000000000000,1006.00000000000,1576.00000000000,1729.00000000000,1983.00000000000,2225.00000000000,2448.00000000000,2620.00000000000,2769.00000000000,2895.00000000000,3267.00000000000,3548.00000000000,3709.00000000000,3950.00000000000,4311.00000000000,4367.00000000000,4490.00000000000,4618.00000000000,4551.00000000000,4597.00000000000,4773.00000000000,4820.00000000000,2461.00000000000,-10276.7300000000,-5216.55000000000,-5060.18000000000,-11908.2659650000
76,'2/low_score_decoys/1cc8A_BOfrags83__1706_0.clean.out.60.pdb',0,0.395000000000000,-108.645000000000,-94.8786000000000,-4.83325000000000,-6.20766000000000,-2.72540000000000,-102.172847719413,-88.1051190681615,56.2509666075588,-27.4168000000000,-25.2721000000000,173.000000000000,388.000000000000,767.000000000000,1055.00000000000,1539.00000000000,1739.00000000000,1922.00000000000,2158.00000000000,2488.00000000000,2530.00000000000,2595.00000000000,2948.00000000000,3193.00000000000,3379.00000000000,3818.00000000000,3920.00000000000,4220.00000000000,4267.00000000000,4375.00000000000,4613.00000000000,4497.00000000000,4701.00000000000,4789.00000000000,4966.00000000000,2469.00000000000,-7499.46000000000,-4815.98000000000,-2683.48000000000,-11183.3573530000
77,'2/low_score_decoys/1cc8A_BOfrags83__1706_0.clean.out.61.pdb',0,0.450400000000000,-111.330000000000,-98.3238000000000,-4.69728000000000,-6.50833000000000,-1.80072000000000,-102.834911712649,-96.8893083339502,53.2391727920150,-30.3416000000000,-30.6410000000000,183.000000000000,389.000000000000,765.000000000000,1067.00000000000,1593.00000000000,1714.00000000000,1916.00000000000,2190.00000000000,2300.00000000000,2558.00000000000,2690.00000000000,2911.00000000000,3046.00000000000,3401.00000000000,3572.00000000000,3788.00000000000,3929.00000000000,4255.00000000000,4272.00000000000,4405.00000000000,4512.00000000000,4452.00000000000,4660.00000000000,4718.00000000000,2395.00000000000,-9201.20000000000,-5045.46000000000,-4155.74000000000,-11609.3206390000
78,'2/low_score_decoys/1cc8A_BOfrags83__1706_0.clean.out.62.pdb',0,0.532600000000000,-113.132000000000,-100.878000000000,-4.66366000000000,-5.82319000000000,-1.76743000000000,-107.559612209155,-97.8770724678413,30.0284730676061,-31.5713000000000,-32.4371000000000,181.000000000000,377.000000000000,771.000000000000,1024.00000000000,1575.00000000000,1688.00000000000,1878.00000000000,2027.00000000000,2205.00000000000,2508.00000000000,2578.00000000000,2878.00000000000,3161.00000000000,3389.00000000000,3639.00000000000,3838.00000000000,4127.00000000000,4346.00000000000,4485.00000000000,4600.00000000000,4716.00000000000,4816.00000000000,4907.00000000000,5026.00000000000,2518.00000000000,-9793.56000000000,-5141.75000000000,-4651.81000000000,-11835.4451130000
79,'2/low_score_decoys/1cc8A_BOfrags83__1706_0.clean.out.63.pdb',0,0.386400000000000,-106.690000000000,-96.5399000000000,-3.84702000000000,-4.79451000000000,-1.50817000000000,-97.4009104349744,-97.3165207091126,69.1613919970520,-27.2279000000000,-25.0209000000000,180.000000000000,383.000000000000,778.000000000000,1024.00000000000,1624.00000000000,1694.00000000000,1988.00000000000,2187.00000000000,2394.00000000000,2642.00000000000,2759.00000000000,2938.00000000000,3311.00000000000,3581.00000000000,3771.00000000000,4073.00000000000,4376.00000000000,4487.00000000000,4632.00000000000,4675.00000000000,4714.00000000000,4824.00000000000,4901.00000000000,4898.00000000000,2500.00000000000,-7689.58000000000,-4890.77000000000,-2798.80000000000,-11360.2777100000
80,'2/low_score_decoys/1cc8A_BOfrags83__1706_0.clean.out.64.pdb',0,0.499900000000000,-113.464000000000,-101.061000000000,-4.53434000000000,-6.07565000000000,-1.79314000000000,-97.6481321000516,-92.7620726047536,65.2449806014683,-30.7388000000000,-31.4840000000000,175.000000000000,392.000000000000,758.000000000000,1020.00000000000,1568.00000000000,1685.00000000000,1891.00000000000,2100.00000000000,2403.00000000000,2619.00000000000,2670.00000000000,3026.00000000000,3225.00000000000,3421.00000000000,3755.00000000000,3981.00000000000,4228.00000000000,4264.00000000000,4409.00000000000,4557.00000000000,4579.00000000000,4690.00000000000,4798.00000000000,4845.00000000000,2468.00000000000,-10096.1200000000,-5206.05000000000,-4890.06000000000,-11828.1155300000
81,'2/low_score_decoys/1cc8A_BOfrags83__1706_0.clean.out.65.pdb',0,0.512600000000000,-110.391000000000,-101.763000000000,-3.21820000000000,-4.10059000000000,-1.30925000000000,-97.2979072682884,-81.0886268486326,65.8998610377727,-28.9715000000000,-29.8062000000000,183.000000000000,361.000000000000,773.000000000000,1043.00000000000,1602.00000000000,1761.00000000000,1969.00000000000,2266.00000000000,2392.00000000000,2598.00000000000,2782.00000000000,3038.00000000000,3258.00000000000,3736.00000000000,3925.00000000000,4110.00000000000,4216.00000000000,4405.00000000000,4503.00000000000,4700.00000000000,4678.00000000000,5019.00000000000,5042.00000000000,5118.00000000000,2547.00000000000,-9447.35000000000,-5206.61000000000,-4240.74000000000,-11895.5085900000
82,'2/low_score_decoys/1cc8A_BOfrags83__1706_0.clean.out.66.pdb',0,0.445300000000000,-106.056000000000,-98.8894000000000,-2.79194000000000,-2.89631000000000,-1.47803000000000,-94.6332515598648,-82.2591552540249,73.7189206799062,-27.8693000000000,-29.5659000000000,190.000000000000,335.000000000000,760.000000000000,1009.00000000000,1572.00000000000,1646.00000000000,1981.00000000000,2114.00000000000,2291.00000000000,2506.00000000000,2621.00000000000,3042.00000000000,3119.00000000000,3467.00000000000,3767.00000000000,3992.00000000000,4156.00000000000,4279.00000000000,4364.00000000000,4481.00000000000,4719.00000000000,4818.00000000000,4808.00000000000,4935.00000000000,2465.00000000000,-9505.73000000000,-5039.49000000000,-4466.24000000000,-11519.6638570000
83,'2/low_score_decoys/1cc8A_BOfrags83__1706_0.clean.out.67.pdb',0,0.519600000000000,-110.132000000000,-97.0055000000000,-5.21052000000000,-6.17280000000000,-1.74276000000000,-93.9544540620777,-93.8145392767306,121.292697865030,-29.7252000000000,-27.7553000000000,174.000000000000,384.000000000000,788.000000000000,1044.00000000000,1623.00000000000,1682.00000000000,1980.00000000000,2196.00000000000,2402.00000000000,2592.00000000000,2632.00000000000,2941.00000000000,3155.00000000000,3544.00000000000,3749.00000000000,3924.00000000000,4094.00000000000,4290.00000000000,4323.00000000000,4400.00000000000,4551.00000000000,4630.00000000000,4840.00000000000,4887.00000000000,2342.00000000000,-8057.55000000000,-4990.06000000000,-3067.50000000000,-11394.6471070000
84,'2/low_score_decoys/1cc8A_BOfrags83__1706_0.clean.out.68.pdb',0,0.465200000000000,-114.832000000000,-103.706000000000,-3.89599000000000,-5.67939000000000,-1.55128000000000,-95.2613737832461,-63.0738839747707,101.815239586230,-30.8244000000000,-31.2126000000000,187.000000000000,383.000000000000,804.000000000000,1092.00000000000,1605.00000000000,1782.00000000000,2138.00000000000,2248.00000000000,2441.00000000000,2584.00000000000,2806.00000000000,3067.00000000000,3277.00000000000,3617.00000000000,3922.00000000000,4162.00000000000,4323.00000000000,4491.00000000000,4499.00000000000,4750.00000000000,4648.00000000000,4969.00000000000,4903.00000000000,5052.00000000000,2624.00000000000,-9252.09000000000,-5311.84000000000,-3940.25000000000,-12181.7390930000
85,'2/low_score_decoys/1cc8A_BOfrags83__1706_0.clean.out.69.pdb',0,0.377900000000000,-101.550000000000,-87.9414000000000,-4.70058000000000,-6.24411000000000,-2.66383000000000,-101.650245838937,-91.6810114774401,73.7722413345733,-29.0230000000000,-28.8287000000000,179.000000000000,348.000000000000,747.000000000000,980.000000000000,1491.00000000000,1640.00000000000,1855.00000000000,2013.00000000000,2285.00000000000,2325.00000000000,2351.00000000000,2694.00000000000,2790.00000000000,2971.00000000000,3150.00000000000,3333.00000000000,3422.00000000000,3461.00000000000,3392.00000000000,3409.00000000000,3452.00000000000,3508.00000000000,3664.00000000000,3647.00000000000,1828.00000000000,-7535.00000000000,-4517.99000000000,-3017.01000000000,-10578.6551310000
86,'2/low_score_decoys/1cc8A_BO-frags83__1706_0.clean.out.6.pdb',0,0.466700000000000,-114.562000000000,-100.610000000000,-4.85070000000000,-7.18141000000000,-1.91921000000000,-97.2531549947314,-93.0495231615112,31.6353967680313,-30.2413000000000,-30.7243000000000,174.000000000000,403.000000000000,764.000000000000,1056.00000000000,1569.00000000000,1734.00000000000,1935.00000000000,2228.00000000000,2463.00000000000,2563.00000000000,2737.00000000000,3017.00000000000,3272.00000000000,3438.00000000000,3818.00000000000,3893.00000000000,4196.00000000000,4301.00000000000,4295.00000000000,4477.00000000000,4560.00000000000,4679.00000000000,4686.00000000000,4787.00000000000,2350.00000000000,-9689.82000000000,-5158.85000000000,-4530.97000000000,-11801.6848850000
87,'2/low_score_decoys/1cc8A_BOfrags83__1706_0.clean.out.70.pdb',0,0.617200000000000,-117.762000000000,-102.201000000000,-5.45602000000000,-7.59246000000000,-2.51278000000000,-112.586426842338,-91.1052161697505,46.0184461997190,-30.5242000000000,-30.4885000000000,182.000000000000,377.000000000000,781.000000000000,1061.00000000000,1636.00000000000,1712.00000000000,2028.00000000000,2231.00000000000,2367.00000000000,2604.00000000000,2669.00000000000,2934.00000000000,3300.00000000000,3604.00000000000,3948.00000000000,3992.00000000000,4350.00000000000,4388.00000000000,4603.00000000000,4615.00000000000,4884.00000000000,4894.00000000000,4968.00000000000,5025.00000000000,2567.00000000000,-10562.4700000000,-5238.52000000000,-5323.95000000000,-11984.4993180000
88,'2/low_score_decoys/1cc8A_BOfrags83__1706_0.clean.out.71.pdb',0,0.561700000000000,-114.023000000000,-100.207000000000,-4.93629000000000,-7.06707000000000,-1.81293000000000,-115.104238248213,-97.0185608444188,-11.4301825040233,-30.0365000000000,-32.0542000000000,169.000000000000,391.000000000000,783.000000000000,1033.00000000000,1576.00000000000,1684.00000000000,1923.00000000000,2124.00000000000,2364.00000000000,2497.00000000000,2562.00000000000,2932.00000000000,3085.00000000000,3318.00000000000,3594.00000000000,3855.00000000000,4036.00000000000,4276.00000000000,4426.00000000000,4526.00000000000,4495.00000000000,4621.00000000000,4673.00000000000,4764.00000000000,2396.00000000000,-9627.35000000000,-5138.71000000000,-4488.64000000000,-11848.0054630000
89,'2/low_score_decoys/1cc8A_BOfrags83__1706_0.clean.out.72.pdb',0,0.542300000000000,-111.911000000000,-99.6392000000000,-4.22204000000000,-6.20539000000000,-1.84453000000000,-99.9462395718496,-86.8737574131235,77.0037730965172,-28.8313000000000,-30.0910000000000,175.000000000000,371.000000000000,801.000000000000,1029.00000000000,1628.00000000000,1740.00000000000,2044.00000000000,2155.00000000000,2411.00000000000,2607.00000000000,2694.00000000000,2926.00000000000,3225.00000000000,3415.00000000000,3702.00000000000,3894.00000000000,4132.00000000000,4220.00000000000,4384.00000000000,4383.00000000000,4579.00000000000,4694.00000000000,4688.00000000000,4827.00000000000,2393.00000000000,-9328.47000000000,-5103.76000000000,-4224.71000000000,-11749.8124480000
90,'2/low_score_decoys/1cc8A_BOfrags83__1706_0.clean.out.73.pdb',0,0.425100000000000,-100.140000000000,-90.0244000000000,-3.05199000000000,-4.45610000000000,-2.60708000000000,-97.5852829697869,-91.3086719275534,70.5249557668901,-26.1492000000000,-26.4001000000000,180.000000000000,385.000000000000,773.000000000000,1031.00000000000,1597.00000000000,1660.00000000000,1979.00000000000,2156.00000000000,2243.00000000000,2469.00000000000,2437.00000000000,2746.00000000000,2949.00000000000,3146.00000000000,3453.00000000000,3557.00000000000,3666.00000000000,3836.00000000000,3871.00000000000,3893.00000000000,4013.00000000000,4148.00000000000,4328.00000000000,4285.00000000000,2182.00000000000,-7236.92000000000,-4597.29000000000,-2639.63000000000,-10754.9996970000
91,'2/low_score_decoys/1cc8A_BOfrags83__1706_0.clean.out.74.pdb',0,0.449100000000000,-112.336000000000,-98.5356000000000,-5.29135000000000,-6.40457000000000,-2.10427000000000,-112.750845390847,-92.3905814124690,-1.16166550535345,-28.7768000000000,-29.4832000000000,179.000000000000,381.000000000000,749.000000000000,1025.00000000000,1572.00000000000,1733.00000000000,1980.00000000000,2238.00000000000,2401.00000000000,2575.00000000000,2700.00000000000,2885.00000000000,3178.00000000000,3469.00000000000,3784.00000000000,3919.00000000000,4078.00000000000,4256.00000000000,4339.00000000000,4394.00000000000,4428.00000000000,4640.00000000000,4629.00000000000,4731.00000000000,2328.00000000000,-9253.05000000000,-5047.06000000000,-4205.98000000000,-11632.1945540000
92,'2/low_score_decoys/1cc8A_BOfrags83__1706_0.clean.out.75.pdb',0,0.685400000000000,-121.648000000000,-108.656000000000,-4.86135000000000,-6.50968000000000,-1.62057000000000,-102.546422941539,-93.2742791962633,3.22738427171259,-33.4869000000000,-36.4816000000000,178.000000000000,391.000000000000,748.000000000000,1028.00000000000,1601.00000000000,1705.00000000000,1970.00000000000,2205.00000000000,2415.00000000000,2576.00000000000,2709.00000000000,3164.00000000000,3250.00000000000,3597.00000000000,3786.00000000000,4174.00000000000,4334.00000000000,4585.00000000000,4658.00000000000,4726.00000000000,4810.00000000000,4960.00000000000,5142.00000000000,5152.00000000000,2688.00000000000,-12047.0300000000,-5597.76000000000,-6449.27000000000,-12599.0271870000
93,'2/low_score_decoys/1cc8A_BOfrags83__1706_0.clean.out.76.pdb',0,0.615500000000000,-115.652000000000,-103.665000000000,-3.94705000000000,-6.02051000000000,-2.01969000000000,-86.9073266090596,-85.3107628923493,19.3609459386100,-29.0676000000000,-30.6044000000000,167.000000000000,372.000000000000,781.000000000000,1056.00000000000,1648.00000000000,1696.00000000000,1993.00000000000,2221.00000000000,2502.00000000000,2656.00000000000,2744.00000000000,3145.00000000000,3338.00000000000,3612.00000000000,3959.00000000000,4291.00000000000,4463.00000000000,4485.00000000000,4579.00000000000,4794.00000000000,4785.00000000000,5019.00000000000,5088.00000000000,5105.00000000000,2608.00000000000,-10301.5000000000,-5331.74000000000,-4969.76000000000,-12129.4194500000
94,'2/low_score_decoys/1cc8A_BOfrags83__1706_0.clean.out.77.pdb',0,0.344000000000000,-104.501000000000,-91.0912000000000,-4.94537000000000,-6.01417000000000,-2.45055000000000,-111.074462107360,-85.2470780079861,150.037424471240,-27.1780000000000,-23.9032000000000,177.000000000000,372.000000000000,771.000000000000,1014.00000000000,1586.00000000000,1658.00000000000,1851.00000000000,2032.00000000000,2279.00000000000,2396.00000000000,2525.00000000000,2827.00000000000,2935.00000000000,3380.00000000000,3626.00000000000,3925.00000000000,3976.00000000000,4211.00000000000,4301.00000000000,4400.00000000000,4504.00000000000,4550.00000000000,4817.00000000000,4866.00000000000,2458.00000000000,-7438.04000000000,-4635.70000000000,-2802.34000000000,-10793.3176760000
95,'2/low_score_decoys/1cc8A_BOfrags83__1706_0.clean.out.78.pdb',0,0.409100000000000,-105.917000000000,-94.2158000000000,-4.58420000000000,-5.13822000000000,-1.97854000000000,-104.774282619040,-86.9304725998327,66.3332546990037,-27.5381000000000,-26.0360000000000,184.000000000000,385.000000000000,798.000000000000,1053.00000000000,1590.00000000000,1692.00000000000,1920.00000000000,2169.00000000000,2458.00000000000,2541.00000000000,2776.00000000000,2925.00000000000,3085.00000000000,3476.00000000000,3596.00000000000,3890.00000000000,3955.00000000000,4274.00000000000,4161.00000000000,4343.00000000000,4218.00000000000,4524.00000000000,4564.00000000000,4681.00000000000,2352.00000000000,-7027.13000000000,-4785.21000000000,-2241.92000000000,-11182.9879610000
96,'2/low_score_decoys/1cc8A_BOfrags83__1706_0.clean.out.79.pdb',0,0.368800000000000,-98.9166000000000,-88.2263000000000,-3.77161000000000,-4.62905000000000,-2.28963000000000,-107.586608802150,-84.0738278854463,151.923489767444,-26.7400000000000,-25.3842000000000,190.000000000000,386.000000000000,762.000000000000,1070.00000000000,1535.00000000000,1682.00000000000,1927.00000000000,2105.00000000000,2257.00000000000,2392.00000000000,2497.00000000000,2835.00000000000,2941.00000000000,3126.00000000000,3284.00000000000,3431.00000000000,3637.00000000000,3703.00000000000,3868.00000000000,3828.00000000000,4042.00000000000,4199.00000000000,4077.00000000000,4109.00000000000,2125.00000000000,-7092.17000000000,-4481.93000000000,-2610.25000000000,-10558.6537080000
97,'2/low_score_decoys/1cc8A_BO-frags83__1706_0.clean.out.7.pdb',0,0.549400000000000,-117.015000000000,-103.020000000000,-4.92357000000000,-6.54297000000000,-2.52884000000000,-101.921998684306,-80.1093645477969,40.9119424557098,-30.7723000000000,-31.4485000000000,170.000000000000,365.000000000000,810.000000000000,1013.00000000000,1603.00000000000,1698.00000000000,2040.00000000000,2240.00000000000,2476.00000000000,2553.00000000000,2694.00000000000,2988.00000000000,3167.00000000000,3582.00000000000,3876.00000000000,4088.00000000000,4387.00000000000,4475.00000000000,4471.00000000000,4556.00000000000,4663.00000000000,4839.00000000000,4915.00000000000,5020.00000000000,2514.00000000000,-10141.3200000000,-5295.04000000000,-4846.27000000000,-12074.1175650000
98,'2/low_score_decoys/1cc8A_BOfrags83__1706_0.clean.out.80.pdb',0,0.425100000000000,-107.137000000000,-98.3082000000000,-2.98416000000000,-4.37312000000000,-1.47152000000000,-92.3496499965990,-79.4071257613613,18.3498848563843,-27.2122000000000,-28.3594000000000,181.000000000000,348.000000000000,768.000000000000,976.000000000000,1580.00000000000,1608.00000000000,1983.00000000000,2165.00000000000,2353.00000000000,2555.00000000000,2745.00000000000,3061.00000000000,3218.00000000000,3545.00000000000,3735.00000000000,3993.00000000000,4243.00000000000,4280.00000000000,4509.00000000000,4538.00000000000,4552.00000000000,4585.00000000000,4590.00000000000,4645.00000000000,2396.00000000000,-8928.06000000000,-5014.82000000000,-3913.24000000000,-11611.8106740000
99,'2/low_score_decoys/1cc8A_BOfrags83__1706_0.clean.out.81.pdb',0,0.574700000000000,-116.780000000000,-103.249000000000,-5.20192000000000,-6.31157000000000,-2.01709000000000,-99.7669066772505,-83.9676163923921,8.88271221759982,-31.8433000000000,-33.4250000000000,182.000000000000,371.000000000000,783.000000000000,1021.00000000000,1610.00000000000,1702.00000000000,1909.00000000000,2189.00000000000,2348.00000000000,2557.00000000000,2626.00000000000,2954.00000000000,3169.00000000000,3364.00000000000,3805.00000000000,3965.00000000000,4204.00000000000,4215.00000000000,4545.00000000000,4656.00000000000,4789.00000000000,4857.00000000000,4931.00000000000,5058.00000000000,2509.00000000000,-10049.2200000000,-5321.31000000000,-4727.91000000000,-12085.5552960000
100,'2/low_score_decoys/1cc8A_BOfrags83__1706_0.clean.out.82.pdb',0,0.412400000000000,-107.856000000000,-96.4789000000000,-4.55055000000000,-5.24365000000000,-1.58344000000000,-107.690595202784,-78.5279886176305,109.988575352071,-28.9169000000000,-26.6628000000000,173.000000000000,382.000000000000,770.000000000000,1080.00000000000,1544.00000000000,1642.00000000000,1898.00000000000,2148.00000000000,2291.00000000000,2525.00000000000,2622.00000000000,2962.00000000000,3127.00000000000,3617.00000000000,3791.00000000000,4015.00000000000,4176.00000000000,4466.00000000000,4518.00000000000,4658.00000000000,4638.00000000000,4761.00000000000,4822.00000000000,4989.00000000000,2456.00000000000,-8397.01000000000,-4913.01000000000,-3484.00000000000,-11253.0745950000
101,'2/low_score_decoys/1cc8A_BOfrags83__1706_0.clean.out.83.pdb',0,0.445500000000000,-107.627000000000,-95.5349000000000,-4.36352000000000,-4.79570000000000,-2.93283000000000,-103.530486756070,-92.5131824375157,53.3115832742621,-26.7081000000000,-27.3694000000000,177.000000000000,372.000000000000,785.000000000000,1006.00000000000,1586.00000000000,1629.00000000000,1956.00000000000,2084.00000000000,2426.00000000000,2543.00000000000,2692.00000000000,2924.00000000000,3087.00000000000,3302.00000000000,3577.00000000000,3766.00000000000,4133.00000000000,4224.00000000000,4407.00000000000,4524.00000000000,4500.00000000000,4542.00000000000,4679.00000000000,4824.00000000000,2435.00000000000,-8502.76000000000,-4856.54000000000,-3646.22000000000,-11253.0819810000
102,'2/low_score_decoys/1cc8A_BOfrags83__1706_0.clean.out.84.pdb',0,0.352000000000000,-102.112000000000,-91.8194000000000,-3.37295000000000,-4.60920000000000,-2.31019000000000,-108.168211005975,-96.4221741136762,106.023808433298,-27.9010000000000,-27.0745000000000,183.000000000000,386.000000000000,758.000000000000,1070.00000000000,1570.00000000000,1721.00000000000,1917.00000000000,2067.00000000000,2234.00000000000,2360.00000000000,2618.00000000000,2839.00000000000,3011.00000000000,3227.00000000000,3450.00000000000,3583.00000000000,3736.00000000000,3943.00000000000,4043.00000000000,4220.00000000000,4157.00000000000,4241.00000000000,4322.00000000000,4380.00000000000,2214.00000000000,-7945.58000000000,-4692.17000000000,-3253.41000000000,-10939.8499710000
103,'2/low_score_decoys/1cc8A_BOfrags83__1706_0.clean.out.85.pdb',0,0.369900000000000,-106.262000000000,-95.2218000000000,-3.76227000000000,-4.86389000000000,-2.41396000000000,-100.782542637966,-80.7900640781302,93.6030769764280,-25.1468000000000,-23.7436000000000,187.000000000000,350.000000000000,803.000000000000,1070.00000000000,1615.00000000000,1754.00000000000,1964.00000000000,2166.00000000000,2422.00000000000,2565.00000000000,2681.00000000000,3096.00000000000,3189.00000000000,3594.00000000000,3952.00000000000,4125.00000000000,4151.00000000000,4468.00000000000,4577.00000000000,4734.00000000000,4883.00000000000,4838.00000000000,5039.00000000000,4944.00000000000,2510.00000000000,-7406.07000000000,-4835.05000000000,-2571.02000000000,-11222.7058380000
104,'2/low_score_decoys/1cc8A_BOfrags83__1706_0.clean.out.86.pdb',0,0.515300000000000,-119.853000000000,-105.028000000000,-5.14658000000000,-7.40718000000000,-2.27192000000000,-105.549330040108,-104.490410135408,38.6440759196347,-33.1427000000000,-33.7756000000000,180.000000000000,378.000000000000,782.000000000000,1054.00000000000,1601.00000000000,1705.00000000000,1963.00000000000,2226.00000000000,2394.00000000000,2561.00000000000,2739.00000000000,3092.00000000000,3197.00000000000,3545.00000000000,3783.00000000000,4187.00000000000,4283.00000000000,4445.00000000000,4427.00000000000,4786.00000000000,4591.00000000000,4930.00000000000,4762.00000000000,4985.00000000000,2596.00000000000,-11411.6100000000,-5400.39000000000,-6011.22000000000,-12277.4511760000
105,'2/low_score_decoys/1cc8A_BOfrags83__1706_0.clean.out.87.pdb',0,0.313800000000000,-106.625000000000,-96.2314000000000,-3.92319000000000,-4.07443000000000,-2.39555000000000,-106.705571415554,-92.8593406910119,91.0529956981945,-30.9049000000000,-31.1770000000000,180.000000000000,370.000000000000,767.000000000000,1052.00000000000,1556.00000000000,1608.00000000000,1791.00000000000,2002.00000000000,2230.00000000000,2311.00000000000,2423.00000000000,2798.00000000000,2945.00000000000,3305.00000000000,3599.00000000000,3611.00000000000,3899.00000000000,4085.00000000000,4155.00000000000,4232.00000000000,4410.00000000000,4405.00000000000,4642.00000000000,4592.00000000000,2276.00000000000,-8767.19000000000,-4950.72000000000,-3816.47000000000,-11288.3930810000
106,'2/low_score_decoys/1cc8A_BOfrags83__1706_0.clean.out.88.pdb',0,0.574200000000000,-110.830000000000,-97.6453000000000,-4.72163000000000,-6.44473000000000,-2.01869000000000,-96.5053103524408,-99.5022911901011,54.8719733906157,-30.1523000000000,-31.4087000000000,169.000000000000,389.000000000000,772.000000000000,1040.00000000000,1579.00000000000,1721.00000000000,1896.00000000000,2087.00000000000,2325.00000000000,2489.00000000000,2577.00000000000,2912.00000000000,3031.00000000000,3349.00000000000,3639.00000000000,3624.00000000000,3942.00000000000,3942.00000000000,4069.00000000000,4093.00000000000,4321.00000000000,4553.00000000000,4656.00000000000,4908.00000000000,2417.00000000000,-8929.02000000000,-5015.21000000000,-3913.82000000000,-11579.0907770000
107,'2/low_score_decoys/1cc8A_BOfrags83__1706_0.clean.out.89.pdb',0,0.456900000000000,-116.223000000000,-102.489000000000,-4.34004000000000,-6.58425000000000,-2.80982000000000,-114.023906092959,-88.8007426858645,41.0496366184542,-32.2074000000000,-33.5932000000000,177.000000000000,392.000000000000,740.000000000000,1004.00000000000,1538.00000000000,1642.00000000000,1897.00000000000,2176.00000000000,2308.00000000000,2472.00000000000,2618.00000000000,2938.00000000000,3205.00000000000,3349.00000000000,3792.00000000000,3906.00000000000,4207.00000000000,4294.00000000000,4480.00000000000,4560.00000000000,4532.00000000000,4666.00000000000,4743.00000000000,4906.00000000000,2511.00000000000,-10731.8100000000,-5191.44000000000,-5540.37000000000,-12002.1263290000
108,'2/low_score_decoys/1cc8A_BO-frags83__1706_0.clean.out.8.pdb',0,0.364000000000000,-100.345000000000,-90.3254000000000,-3.40049000000000,-4.31221000000000,-2.30646000000000,-107.767156874731,-88.3855568534958,87.2460684014467,-26.7259000000000,-25.0864000000000,185.000000000000,372.000000000000,797.000000000000,1039.00000000000,1582.00000000000,1703.00000000000,1947.00000000000,2102.00000000000,2326.00000000000,2439.00000000000,2623.00000000000,2805.00000000000,3026.00000000000,3238.00000000000,3448.00000000000,3555.00000000000,3827.00000000000,3883.00000000000,4113.00000000000,4109.00000000000,4197.00000000000,4436.00000000000,4365.00000000000,4431.00000000000,2232.00000000000,-6913.83000000000,-4611.15000000000,-2302.68000000000,-10787.2797740000
109,'2/low_score_decoys/1cc8A_BOfrags83__1706_0.clean.out.90.pdb',0,0.425000000000000,-106.255000000000,-94.8466000000000,-4.03281000000000,-4.61441000000000,-2.76108000000000,-106.790551879663,-99.6006880537371,106.574121864281,-26.6953000000000,-26.4939000000000,185.000000000000,394.000000000000,778.000000000000,1056.00000000000,1590.00000000000,1680.00000000000,1909.00000000000,2153.00000000000,2373.00000000000,2522.00000000000,2547.00000000000,2859.00000000000,3194.00000000000,3518.00000000000,3631.00000000000,3814.00000000000,4079.00000000000,4136.00000000000,4429.00000000000,4468.00000000000,4516.00000000000,4764.00000000000,4788.00000000000,4790.00000000000,2441.00000000000,-7885.15000000000,-4852.84000000000,-3032.31000000000,-11227.1468700000
110,'2/low_score_decoys/1cc8A_BOfrags83__1706_0.clean.out.91.pdb',0,0.674300000000000,-118.411000000000,-106.524000000000,-4.34272000000000,-6.21326000000000,-1.33082000000000,-101.069728118040,-98.8496703289456,26.4555485803155,-32.4485000000000,-34.1068000000000,177.000000000000,382.000000000000,793.000000000000,1058.00000000000,1587.00000000000,1716.00000000000,1962.00000000000,2210.00000000000,2492.00000000000,2651.00000000000,2772.00000000000,3001.00000000000,3237.00000000000,3603.00000000000,3836.00000000000,4076.00000000000,4468.00000000000,4611.00000000000,4748.00000000000,4646.00000000000,4838.00000000000,4949.00000000000,5158.00000000000,5145.00000000000,2649.00000000000,-11081.8400000000,-5487.06000000000,-5594.78000000000,-12400.1382030000
111,'2/low_score_decoys/1cc8A_BOfrags83__1706_0.clean.out.92.pdb',0,0.392800000000000,-100.120000000000,-90.5885000000000,-3.51619000000000,-4.09673000000000,-1.91841000000000,-102.511423548157,-89.6661499431937,98.5324076772062,-26.9950000000000,-26.0992000000000,178.000000000000,380.000000000000,769.000000000000,1030.00000000000,1557.00000000000,1701.00000000000,1967.00000000000,2068.00000000000,2261.00000000000,2404.00000000000,2472.00000000000,2854.00000000000,3058.00000000000,3144.00000000000,3427.00000000000,3689.00000000000,3734.00000000000,3873.00000000000,3906.00000000000,4135.00000000000,4193.00000000000,4144.00000000000,4270.00000000000,4291.00000000000,2190.00000000000,-7813.33000000000,-4644.48000000000,-3168.85000000000,-10779.6788580000
112,'2/low_score_decoys/1cc8A_BOfrags83__1706_0.clean.out.93.pdb',0,0.401700000000000,-107.630000000000,-95.9562000000000,-4.55568000000000,-5.71115000000000,-1.40715000000000,-101.325798346861,-94.1459366972375,77.1442584389557,-26.7947000000000,-24.0243000000000,173.000000000000,402.000000000000,806.000000000000,1060.00000000000,1676.00000000000,1751.00000000000,1977.00000000000,2191.00000000000,2466.00000000000,2624.00000000000,2709.00000000000,3010.00000000000,3218.00000000000,3601.00000000000,3832.00000000000,4177.00000000000,4331.00000000000,4452.00000000000,4720.00000000000,4676.00000000000,4807.00000000000,4727.00000000000,4920.00000000000,4991.00000000000,2420.00000000000,-7177.10000000000,-4890.50000000000,-2286.60000000000,-11303.6756920000
113,'2/low_score_decoys/1cc8A_BOfrags83__1706_0.clean.out.94.pdb',0,0.587200000000000,-116.647000000000,-102.002000000000,-5.16426000000000,-7.53179000000000,-1.94816000000000,-100.613168187280,-97.4004337054393,23.3682629785676,-32.4256000000000,-33.3283000000000,182.000000000000,372.000000000000,807.000000000000,1006.00000000000,1581.00000000000,1656.00000000000,1910.00000000000,2200.00000000000,2406.00000000000,2503.00000000000,2567.00000000000,2882.00000000000,3093.00000000000,3386.00000000000,3494.00000000000,3952.00000000000,4041.00000000000,4413.00000000000,4456.00000000000,4578.00000000000,4548.00000000000,4665.00000000000,4835.00000000000,5072.00000000000,2609.00000000000,-10444.3200000000,-5258.38000000000,-5185.94000000000,-11958.0430100000
114,'2/low_score_decoys/1cc8A_BOfrags83__1706_0.clean.out.95.pdb',0,0.464500000000000,-110.079000000000,-98.2990000000000,-3.66011000000000,-5.56720000000000,-2.55305000000000,-102.727435460221,-84.1253620042281,47.2155577975007,-27.6547000000000,-29.3318000000000,179.000000000000,392.000000000000,817.000000000000,1048.00000000000,1562.00000000000,1735.00000000000,1926.00000000000,2158.00000000000,2290.00000000000,2620.00000000000,2524.00000000000,2926.00000000000,3205.00000000000,3440.00000000000,3654.00000000000,3909.00000000000,3988.00000000000,4323.00000000000,4381.00000000000,4555.00000000000,4733.00000000000,4800.00000000000,4952.00000000000,5006.00000000000,2552.00000000000,-9618.05000000000,-4997.67000000000,-4620.38000000000,-11562.0054880000
115,'2/low_score_decoys/1cc8A_BOfrags83__1706_0.clean.out.96.pdb',0,0.422500000000000,-100.883000000000,-91.4169000000000,-3.31732000000000,-3.91498000000000,-2.23406000000000,-101.522517179620,-97.1155761219741,72.4096496545178,-27.1218000000000,-27.7326000000000,169.000000000000,364.000000000000,761.000000000000,1012.00000000000,1522.00000000000,1653.00000000000,1813.00000000000,2050.00000000000,2227.00000000000,2431.00000000000,2400.00000000000,2723.00000000000,2992.00000000000,3145.00000000000,3356.00000000000,3502.00000000000,3798.00000000000,3792.00000000000,4022.00000000000,4082.00000000000,4174.00000000000,4255.00000000000,4422.00000000000,4578.00000000000,2295.00000000000,-7542.42000000000,-4659.01000000000,-2883.40000000000,-10856.2584650000
116,'2/low_score_decoys/1cc8A_BOfrags83__1706_0.clean.out.97.pdb',0,0.415700000000000,-108.251000000000,-95.7711000000000,-4.27584000000000,-5.19282000000000,-3.01126000000000,-105.954267895318,-90.6885787318704,50.9116551481777,-29.7751000000000,-29.3443000000000,183.000000000000,371.000000000000,773.000000000000,1032.00000000000,1558.00000000000,1785.00000000000,1887.00000000000,2134.00000000000,2336.00000000000,2476.00000000000,2628.00000000000,2794.00000000000,3111.00000000000,3232.00000000000,3603.00000000000,3539.00000000000,3901.00000000000,4047.00000000000,4150.00000000000,4279.00000000000,4461.00000000000,4437.00000000000,4647.00000000000,4724.00000000000,2415.00000000000,-7922.89000000000,-4906.79000000000,-3016.10000000000,-11313.0576110000
117,'2/low_score_decoys/1cc8A_BOfrags83__1706_0.clean.out.98.pdb',0,0.463300000000000,-113.222000000000,-102.044000000000,-4.09442000000000,-5.34260000000000,-1.74086000000000,-114.382943564075,-87.4975741274367,15.7918599199802,-30.8342000000000,-31.5761000000000,178.000000000000,363.000000000000,793.000000000000,1014.00000000000,1566.00000000000,1658.00000000000,1998.00000000000,2217.00000000000,2297.00000000000,2527.00000000000,2722.00000000000,3052.00000000000,3212.00000000000,3495.00000000000,3724.00000000000,4081.00000000000,4212.00000000000,4371.00000000000,4552.00000000000,4676.00000000000,4720.00000000000,4711.00000000000,4711.00000000000,4998.00000000000,2461.00000000000,-9325.91000000000,-5242.50000000000,-4083.41000000000,-11944.2985390000
118,'2/low_score_decoys/1cc8A_BOfrags83__1706_0.clean.out.99.pdb',0,0.368500000000000,-109.181000000000,-97.1012000000000,-4.26191000000000,-5.69332000000000,-2.12439000000000,-113.983376655703,-80.6949853769232,82.5040223753894,-32.1316000000000,-31.8214000000000,183.000000000000,370.000000000000,783.000000000000,1015.00000000000,1556.00000000000,1626.00000000000,1850.00000000000,2053.00000000000,2266.00000000000,2356.00000000000,2481.00000000000,2824.00000000000,2912.00000000000,3252.00000000000,3466.00000000000,3766.00000000000,3929.00000000000,3976.00000000000,4192.00000000000,4243.00000000000,4248.00000000000,4391.00000000000,4521.00000000000,4546.00000000000,2364.00000000000,-9282.27000000000,-4974.86000000000,-4307.41000000000,-11402.0861290000
119,'2/low_score_decoys/1cc8A_BO-frags83__1706_0.clean.out.9.pdb',0,0.452700000000000,-105.836000000000,-93.4342000000000,-4.90807000000000,-5.77429000000000,-1.71919000000000,-100.094342717223,-94.4058630453192,69.6000730545524,-28.7851000000000,-30.1725000000000,183.000000000000,354.000000000000,752.000000000000,941.000000000000,1548.00000000000,1553.00000000000,1964.00000000000,2027.00000000000,2302.00000000000,2348.00000000000,2387.00000000000,2673.00000000000,2861.00000000000,3086.00000000000,3326.00000000000,3554.00000000000,3779.00000000000,3899.00000000000,3969.00000000000,4131.00000000000,4232.00000000000,4276.00000000000,4427.00000000000,4588.00000000000,2304.00000000000,-9131.15000000000,-4820.67000000000,-4310.48000000000,-11115.7274100000
120,'2/low_score_decoys/1cc8A_BOrags83__1706_0.clean.out.100.pdb',0,0.563800000000000,-111.745000000000,-98.1276000000000,-4.90131000000000,-6.48609000000000,-2.23039000000000,-101.325153920692,-87.4319685312911,41.5762162370976,-29.8324000000000,-31.6129000000000,169.000000000000,374.000000000000,754.000000000000,1013.00000000000,1542.00000000000,1689.00000000000,1903.00000000000,2083.00000000000,2251.00000000000,2482.00000000000,2363.00000000000,2828.00000000000,3014.00000000000,3275.00000000000,3517.00000000000,3754.00000000000,3939.00000000000,4153.00000000000,4299.00000000000,4332.00000000000,4464.00000000000,4661.00000000000,4637.00000000000,4752.00000000000,2457.00000000000,-10091.2800000000,-5049.15000000000,-5042.13000000000,-11611.8454610000
121,'1cc8.pdb',1,1.0000,-160.310000000000,-109.125000000000,-28.2357000000000,-14.7345000000000,-8.21448000000000,-111.325986983440,-100.300865484644,-35.7653705797021,-33.3258000000000,-35.1771000000000,183.000000000000,387.000000000000,772.000000000000,1065.00000000000,1714.00000000000,1764.00000000000,2106.00000000000,2283.00000000000,2501.00000000000,2701.00000000000,2744.00000000000,3164.00000000000,3350.00000000000,3802.00000000000,4065.00000000000,4255.00000000000,4492.00000000000,4605.00000000000,4765.00000000000,4885.00000000000,4924.00000000000,5048.00000000000,5142.00000000000,5298.00000000000,2641.00000000000,-14703.9600000000,-5669.89000000000,-9034.06000000000,-12839.9458100000
